ID,Class Name,BlockState Properties,BlockState Class Name
minecraft:acacia_door,net.minecraft.block.BlockDoor,"[PropertyDirection{name=facing, clazz=class net.minecraft.util.EnumFacing, values=[north, south, west, east]}, PropertyEnum{name=half, clazz=class net.minecraft.block.BlockDoor$EnumDoorHalf, values=[upper, lower]}, PropertyEnum{name=hinge, clazz=class net.minecraft.block.BlockDoor$EnumHingePosition, values=[left, right]}, PropertyBool{name=open, clazz=class java.lang.Boolean, values=[true, false]}, PropertyBool{name=powered, clazz=class java.lang.Boolean, values=[true, false]}]",net.minecraft.block.state.BlockStateContainer
minecraft:acacia_fence,net.minecraft.block.BlockFence,"[PropertyBool{name=east, clazz=class java.lang.Boolean, values=[true, false]}, PropertyBool{name=north, clazz=class java.lang.Boolean, values=[true, false]}, PropertyBool{name=south, clazz=class java.lang.Boolean, values=[true, false]}, PropertyBool{name=west, clazz=class java.lang.Boolean, values=[true, false]}]",net.minecraft.block.state.BlockStateContainer
minecraft:acacia_fence_gate,net.minecraft.block.BlockFenceGate,"[PropertyDirection{name=facing, clazz=class net.minecraft.util.EnumFacing, values=[north, south, west, east]}, PropertyBool{name=in_wall, clazz=class java.lang.Boolean, values=[true, false]}, PropertyBool{name=open, clazz=class java.lang.Boolean, values=[true, false]}, PropertyBool{name=powered, clazz=class java.lang.Boolean, values=[true, false]}]",net.minecraft.block.state.BlockStateContainer
minecraft:acacia_stairs,net.minecraft.block.BlockStairs,"[PropertyDirection{name=facing, clazz=class net.minecraft.util.EnumFacing, values=[north, south, west, east]}, PropertyEnum{name=half, clazz=class net.minecraft.block.BlockStairs$EnumHalf, values=[top, bottom]}, PropertyEnum{name=shape, clazz=class net.minecraft.block.BlockStairs$EnumShape, values=[straight, inner_left, inner_right, outer_left, outer_right]}]",net.minecraft.block.state.BlockStateContainer
minecraft:activator_rail,net.minecraft.block.BlockRailPowered,"[PropertyBool{name=powered, clazz=class java.lang.Boolean, values=[true, false]}, PropertyEnum{name=shape, clazz=class net.minecraft.block.BlockRailBase$EnumRailDirection, values=[north_south, east_west, ascending_east, ascending_west, ascending_north, ascending_south]}]",net.minecraft.block.state.BlockStateContainer
minecraft:air,net.minecraft.block.BlockAir,[],net.minecraft.block.state.BlockStateContainer
minecraft:anvil,net.minecraft.block.BlockAnvil,"[PropertyInteger{name=damage, clazz=class java.lang.Integer, values=[0, 1, 2]}, PropertyDirection{name=facing, clazz=class net.minecraft.util.EnumFacing, values=[north, south, west, east]}]",net.minecraft.block.state.BlockStateContainer
minecraft:barrier,net.minecraft.block.BlockBarrier,[],net.minecraft.block.state.BlockStateContainer
minecraft:beacon,net.minecraft.block.BlockBeacon,[],net.minecraft.block.state.BlockStateContainer
minecraft:bed,net.minecraft.block.BlockBed,"[PropertyDirection{name=facing, clazz=class net.minecraft.util.EnumFacing, values=[north, south, west, east]}, PropertyBool{name=occupied, clazz=class java.lang.Boolean, values=[true, false]}, PropertyEnum{name=part, clazz=class net.minecraft.block.BlockBed$EnumPartType, values=[head, foot]}]",net.minecraft.block.state.BlockStateContainer
minecraft:bedrock,net.minecraft.block.BlockEmptyDrops,[],net.minecraft.block.state.BlockStateContainer
minecraft:beetroots,net.minecraft.block.BlockBeetroot,"[PropertyInteger{name=age, clazz=class java.lang.Integer, values=[0, 1, 2, 3]}]",net.minecraft.block.state.BlockStateContainer
minecraft:birch_door,net.minecraft.block.BlockDoor,"[PropertyDirection{name=facing, clazz=class net.minecraft.util.EnumFacing, values=[north, south, west, east]}, PropertyEnum{name=half, clazz=class net.minecraft.block.BlockDoor$EnumDoorHalf, values=[upper, lower]}, PropertyEnum{name=hinge, clazz=class net.minecraft.block.BlockDoor$EnumHingePosition, values=[left, right]}, PropertyBool{name=open, clazz=class java.lang.Boolean, values=[true, false]}, PropertyBool{name=powered, clazz=class java.lang.Boolean, values=[true, false]}]",net.minecraft.block.state.BlockStateContainer
minecraft:birch_fence,net.minecraft.block.BlockFence,"[PropertyBool{name=east, clazz=class java.lang.Boolean, values=[true, false]}, PropertyBool{name=north, clazz=class java.lang.Boolean, values=[true, false]}, PropertyBool{name=south, clazz=class java.lang.Boolean, values=[true, false]}, PropertyBool{name=west, clazz=class java.lang.Boolean, values=[true, false]}]",net.minecraft.block.state.BlockStateContainer
minecraft:birch_fence_gate,net.minecraft.block.BlockFenceGate,"[PropertyDirection{name=facing, clazz=class net.minecraft.util.EnumFacing, values=[north, south, west, east]}, PropertyBool{name=in_wall, clazz=class java.lang.Boolean, values=[true, false]}, PropertyBool{name=open, clazz=class java.lang.Boolean, values=[true, false]}, PropertyBool{name=powered, clazz=class java.lang.Boolean, values=[true, false]}]",net.minecraft.block.state.BlockStateContainer
minecraft:birch_stairs,net.minecraft.block.BlockStairs,"[PropertyDirection{name=facing, clazz=class net.minecraft.util.EnumFacing, values=[north, south, west, east]}, PropertyEnum{name=half, clazz=class net.minecraft.block.BlockStairs$EnumHalf, values=[top, bottom]}, PropertyEnum{name=shape, clazz=class net.minecraft.block.BlockStairs$EnumShape, values=[straight, inner_left, inner_right, outer_left, outer_right]}]",net.minecraft.block.state.BlockStateContainer
minecraft:black_glazed_terracotta,net.minecraft.block.BlockGlazedTerracotta,"[PropertyDirection{name=facing, clazz=class net.minecraft.util.EnumFacing, values=[north, south, west, east]}]",net.minecraft.block.state.BlockStateContainer
minecraft:black_shulker_box,net.minecraft.block.BlockShulkerBox,"[PropertyDirection{name=facing, clazz=class net.minecraft.util.EnumFacing, values=[down, up, north, south, west, east]}]",net.minecraft.block.state.BlockStateContainer
minecraft:blue_glazed_terracotta,net.minecraft.block.BlockGlazedTerracotta,"[PropertyDirection{name=facing, clazz=class net.minecraft.util.EnumFacing, values=[north, south, west, east]}]",net.minecraft.block.state.BlockStateContainer
minecraft:blue_shulker_box,net.minecraft.block.BlockShulkerBox,"[PropertyDirection{name=facing, clazz=class net.minecraft.util.EnumFacing, values=[down, up, north, south, west, east]}]",net.minecraft.block.state.BlockStateContainer
minecraft:bone_block,net.minecraft.block.BlockBone,"[PropertyEnum{name=axis, clazz=class net.minecraft.util.EnumFacing$Axis, values=[x, y, z]}]",net.minecraft.block.state.BlockStateContainer
minecraft:bookshelf,net.minecraft.block.BlockBookshelf,[],net.minecraft.block.state.BlockStateContainer
minecraft:brewing_stand,net.minecraft.block.BlockBrewingStand,"[PropertyBool{name=has_bottle_0, clazz=class java.lang.Boolean, values=[true, false]}, PropertyBool{name=has_bottle_1, clazz=class java.lang.Boolean, values=[true, false]}, PropertyBool{name=has_bottle_2, clazz=class java.lang.Boolean, values=[true, false]}]",net.minecraft.block.state.BlockStateContainer
minecraft:brick_block,net.minecraft.block.Block,[],net.minecraft.block.state.BlockStateContainer
minecraft:brick_stairs,net.minecraft.block.BlockStairs,"[PropertyDirection{name=facing, clazz=class net.minecraft.util.EnumFacing, values=[north, south, west, east]}, PropertyEnum{name=half, clazz=class net.minecraft.block.BlockStairs$EnumHalf, values=[top, bottom]}, PropertyEnum{name=shape, clazz=class net.minecraft.block.BlockStairs$EnumShape, values=[straight, inner_left, inner_right, outer_left, outer_right]}]",net.minecraft.block.state.BlockStateContainer
minecraft:brown_glazed_terracotta,net.minecraft.block.BlockGlazedTerracotta,"[PropertyDirection{name=facing, clazz=class net.minecraft.util.EnumFacing, values=[north, south, west, east]}]",net.minecraft.block.state.BlockStateContainer
minecraft:brown_mushroom,net.minecraft.block.BlockMushroom,[],net.minecraft.block.state.BlockStateContainer
minecraft:brown_mushroom_block,net.minecraft.block.BlockHugeMushroom,"[PropertyEnum{name=variant, clazz=class net.minecraft.block.BlockHugeMushroom$EnumType, values=[north_west, north, north_east, west, center, east, south_west, south, south_east, stem, all_inside, all_outside, all_stem]}]",net.minecraft.block.state.BlockStateContainer
minecraft:brown_shulker_box,net.minecraft.block.BlockShulkerBox,"[PropertyDirection{name=facing, clazz=class net.minecraft.util.EnumFacing, values=[down, up, north, south, west, east]}]",net.minecraft.block.state.BlockStateContainer
minecraft:cactus,net.minecraft.block.BlockCactus,"[PropertyInteger{name=age, clazz=class java.lang.Integer, values=[0, 1, 2, 3, 4, 5, 6, 7, 8, 9, 10, 11, 12, 13, 14, 15]}]",net.minecraft.block.state.BlockStateContainer
minecraft:cake,net.minecraft.block.BlockCake,"[PropertyInteger{name=bites, clazz=class java.lang.Integer, values=[0, 1, 2, 3, 4, 5, 6]}]",net.minecraft.block.state.BlockStateContainer
minecraft:carpet,net.minecraft.block.BlockCarpet,"[PropertyEnum{name=color, clazz=class net.minecraft.item.EnumDyeColor, values=[white, orange, magenta, lightBlue, yellow, lime, pink, gray, silver, cyan, purple, blue, brown, green, red, black]}]",net.minecraft.block.state.BlockStateContainer
minecraft:carrots,net.minecraft.block.BlockCarrot,"[PropertyInteger{name=age, clazz=class java.lang.Integer, values=[0, 1, 2, 3, 4, 5, 6, 7]}]",net.minecraft.block.state.BlockStateContainer
minecraft:cauldron,net.minecraft.block.BlockCauldron,"[PropertyInteger{name=level, clazz=class java.lang.Integer, values=[0, 1, 2, 3]}]",net.minecraft.block.state.BlockStateContainer
minecraft:chain_command_block,net.minecraft.block.BlockCommandBlock,"[PropertyBool{name=conditional, clazz=class java.lang.Boolean, values=[true, false]}, PropertyDirection{name=facing, clazz=class net.minecraft.util.EnumFacing, values=[down, up, north, south, west, east]}]",net.minecraft.block.state.BlockStateContainer
minecraft:chest,net.minecraft.block.BlockChest,"[PropertyDirection{name=facing, clazz=class net.minecraft.util.EnumFacing, values=[north, south, west, east]}]",net.minecraft.block.state.BlockStateContainer
minecraft:chorus_flower,net.minecraft.block.BlockChorusFlower,"[PropertyInteger{name=age, clazz=class java.lang.Integer, values=[0, 1, 2, 3, 4, 5]}]",net.minecraft.block.state.BlockStateContainer
minecraft:chorus_plant,net.minecraft.block.BlockChorusPlant,"[PropertyBool{name=down, clazz=class java.lang.Boolean, values=[true, false]}, PropertyBool{name=east, clazz=class java.lang.Boolean, values=[true, false]}, PropertyBool{name=north, clazz=class java.lang.Boolean, values=[true, false]}, PropertyBool{name=south, clazz=class java.lang.Boolean, values=[true, false]}, PropertyBool{name=up, clazz=class java.lang.Boolean, values=[true, false]}, PropertyBool{name=west, clazz=class java.lang.Boolean, values=[true, false]}]",net.minecraft.block.state.BlockStateContainer
minecraft:clay,net.minecraft.block.BlockClay,[],net.minecraft.block.state.BlockStateContainer
minecraft:coal_block,net.minecraft.block.Block,[],net.minecraft.block.state.BlockStateContainer
minecraft:coal_ore,net.minecraft.block.BlockOre,[],net.minecraft.block.state.BlockStateContainer
minecraft:cobblestone,net.minecraft.block.Block,[],net.minecraft.block.state.BlockStateContainer
minecraft:cobblestone_wall,net.minecraft.block.BlockWall,"[PropertyBool{name=east, clazz=class java.lang.Boolean, values=[true, false]}, PropertyBool{name=north, clazz=class java.lang.Boolean, values=[true, false]}, PropertyBool{name=south, clazz=class java.lang.Boolean, values=[true, false]}, PropertyBool{name=up, clazz=class java.lang.Boolean, values=[true, false]}, PropertyEnum{name=variant, clazz=class net.minecraft.block.BlockWall$EnumType, values=[cobblestone, mossy_cobblestone]}, PropertyBool{name=west, clazz=class java.lang.Boolean, values=[true, false]}]",net.minecraft.block.state.BlockStateContainer
minecraft:cocoa,net.minecraft.block.BlockCocoa,"[PropertyInteger{name=age, clazz=class java.lang.Integer, values=[0, 1, 2]}, PropertyDirection{name=facing, clazz=class net.minecraft.util.EnumFacing, values=[north, south, west, east]}]",net.minecraft.block.state.BlockStateContainer
minecraft:command_block,net.minecraft.block.BlockCommandBlock,"[PropertyBool{name=conditional, clazz=class java.lang.Boolean, values=[true, false]}, PropertyDirection{name=facing, clazz=class net.minecraft.util.EnumFacing, values=[down, up, north, south, west, east]}]",net.minecraft.block.state.BlockStateContainer
minecraft:concrete,net.minecraft.block.BlockColored,"[PropertyEnum{name=color, clazz=class net.minecraft.item.EnumDyeColor, values=[white, orange, magenta, lightBlue, yellow, lime, pink, gray, silver, cyan, purple, blue, brown, green, red, black]}]",net.minecraft.block.state.BlockStateContainer
minecraft:concrete_powder,net.minecraft.block.BlockConcretePowder,"[PropertyEnum{name=color, clazz=class net.minecraft.item.EnumDyeColor, values=[white, orange, magenta, lightBlue, yellow, lime, pink, gray, silver, cyan, purple, blue, brown, green, red, black]}]",net.minecraft.block.state.BlockStateContainer
minecraft:crafting_table,net.minecraft.block.BlockWorkbench,[],net.minecraft.block.state.BlockStateContainer
minecraft:cyan_glazed_terracotta,net.minecraft.block.BlockGlazedTerracotta,"[PropertyDirection{name=facing, clazz=class net.minecraft.util.EnumFacing, values=[north, south, west, east]}]",net.minecraft.block.state.BlockStateContainer
minecraft:cyan_shulker_box,net.minecraft.block.BlockShulkerBox,"[PropertyDirection{name=facing, clazz=class net.minecraft.util.EnumFacing, values=[down, up, north, south, west, east]}]",net.minecraft.block.state.BlockStateContainer
minecraft:dark_oak_door,net.minecraft.block.BlockDoor,"[PropertyDirection{name=facing, clazz=class net.minecraft.util.EnumFacing, values=[north, south, west, east]}, PropertyEnum{name=half, clazz=class net.minecraft.block.BlockDoor$EnumDoorHalf, values=[upper, lower]}, PropertyEnum{name=hinge, clazz=class net.minecraft.block.BlockDoor$EnumHingePosition, values=[left, right]}, PropertyBool{name=open, clazz=class java.lang.Boolean, values=[true, false]}, PropertyBool{name=powered, clazz=class java.lang.Boolean, values=[true, false]}]",net.minecraft.block.state.BlockStateContainer
minecraft:dark_oak_fence,net.minecraft.block.BlockFence,"[PropertyBool{name=east, clazz=class java.lang.Boolean, values=[true, false]}, PropertyBool{name=north, clazz=class java.lang.Boolean, values=[true, false]}, PropertyBool{name=south, clazz=class java.lang.Boolean, values=[true, false]}, PropertyBool{name=west, clazz=class java.lang.Boolean, values=[true, false]}]",net.minecraft.block.state.BlockStateContainer
minecraft:dark_oak_fence_gate,net.minecraft.block.BlockFenceGate,"[PropertyDirection{name=facing, clazz=class net.minecraft.util.EnumFacing, values=[north, south, west, east]}, PropertyBool{name=in_wall, clazz=class java.lang.Boolean, values=[true, false]}, PropertyBool{name=open, clazz=class java.lang.Boolean, values=[true, false]}, PropertyBool{name=powered, clazz=class java.lang.Boolean, values=[true, false]}]",net.minecraft.block.state.BlockStateContainer
minecraft:dark_oak_stairs,net.minecraft.block.BlockStairs,"[PropertyDirection{name=facing, clazz=class net.minecraft.util.EnumFacing, values=[north, south, west, east]}, PropertyEnum{name=half, clazz=class net.minecraft.block.BlockStairs$EnumHalf, values=[top, bottom]}, PropertyEnum{name=shape, clazz=class net.minecraft.block.BlockStairs$EnumShape, values=[straight, inner_left, inner_right, outer_left, outer_right]}]",net.minecraft.block.state.BlockStateContainer
minecraft:daylight_detector,net.minecraft.block.BlockDaylightDetector,"[PropertyInteger{name=power, clazz=class java.lang.Integer, values=[0, 1, 2, 3, 4, 5, 6, 7, 8, 9, 10, 11, 12, 13, 14, 15]}]",net.minecraft.block.state.BlockStateContainer
minecraft:daylight_detector_inverted,net.minecraft.block.BlockDaylightDetector,"[PropertyInteger{name=power, clazz=class java.lang.Integer, values=[0, 1, 2, 3, 4, 5, 6, 7, 8, 9, 10, 11, 12, 13, 14, 15]}]",net.minecraft.block.state.BlockStateContainer
minecraft:deadbush,net.minecraft.block.BlockDeadBush,[],net.minecraft.block.state.BlockStateContainer
minecraft:detector_rail,net.minecraft.block.BlockRailDetector,"[PropertyBool{name=powered, clazz=class java.lang.Boolean, values=[true, false]}, PropertyEnum{name=shape, clazz=class net.minecraft.block.BlockRailBase$EnumRailDirection, values=[north_south, east_west, ascending_east, ascending_west, ascending_north, ascending_south]}]",net.minecraft.block.state.BlockStateContainer
minecraft:diamond_block,net.minecraft.block.Block,[],net.minecraft.block.state.BlockStateContainer
minecraft:diamond_ore,net.minecraft.block.BlockOre,[],net.minecraft.block.state.BlockStateContainer
minecraft:dirt,net.minecraft.block.BlockDirt,"[PropertyBool{name=snowy, clazz=class java.lang.Boolean, values=[true, false]}, PropertyEnum{name=variant, clazz=class net.minecraft.block.BlockDirt$DirtType, values=[dirt, coarse_dirt, podzol]}]",net.minecraft.block.state.BlockStateContainer
minecraft:dispenser,net.minecraft.block.BlockDispenser,"[PropertyDirection{name=facing, clazz=class net.minecraft.util.EnumFacing, values=[down, up, north, south, west, east]}, PropertyBool{name=triggered, clazz=class java.lang.Boolean, values=[true, false]}]",net.minecraft.block.state.BlockStateContainer
minecraft:double_plant,net.minecraft.block.BlockDoublePlant,"[PropertyDirection{name=facing, clazz=class net.minecraft.util.EnumFacing, values=[north, south, west, east]}, PropertyEnum{name=half, clazz=class net.minecraft.block.BlockDoublePlant$EnumBlockHalf, values=[upper, lower]}, PropertyEnum{name=variant, clazz=class net.minecraft.block.BlockDoublePlant$EnumPlantType, values=[sunflower, syringa, double_grass, double_fern, double_rose, paeonia]}]",net.minecraft.block.state.BlockStateContainer
minecraft:double_stone_slab,net.minecraft.block.BlockDoubleStoneSlab,"[PropertyBool{name=seamless, clazz=class java.lang.Boolean, values=[true, false]}, PropertyEnum{name=variant, clazz=class net.minecraft.block.BlockStoneSlab$EnumType, values=[stone, sandstone, wood_old, cobblestone, brick, stone_brick, nether_brick, quartz]}]",net.minecraft.block.state.BlockStateContainer
minecraft:double_stone_slab2,net.minecraft.block.BlockDoubleStoneSlabNew,"[PropertyBool{name=seamless, clazz=class java.lang.Boolean, values=[true, false]}, PropertyEnum{name=variant, clazz=class net.minecraft.block.BlockStoneSlabNew$EnumType, values=[red_sandstone]}]",net.minecraft.block.state.BlockStateContainer
minecraft:double_wooden_slab,net.minecraft.block.BlockDoubleWoodSlab,"[PropertyEnum{name=variant, clazz=class net.minecraft.block.BlockPlanks$EnumType, values=[oak, spruce, birch, jungle, acacia, dark_oak]}]",net.minecraft.block.state.BlockStateContainer
minecraft:dragon_egg,net.minecraft.block.BlockDragonEgg,[],net.minecraft.block.state.BlockStateContainer
minecraft:dropper,net.minecraft.block.BlockDropper,"[PropertyDirection{name=facing, clazz=class net.minecraft.util.EnumFacing, values=[down, up, north, south, west, east]}, PropertyBool{name=triggered, clazz=class java.lang.Boolean, values=[true, false]}]",net.minecraft.block.state.BlockStateContainer
minecraft:emerald_block,net.minecraft.block.Block,[],net.minecraft.block.state.BlockStateContainer
minecraft:emerald_ore,net.minecraft.block.BlockOre,[],net.minecraft.block.state.BlockStateContainer
minecraft:enchanting_table,net.minecraft.block.BlockEnchantmentTable,[],net.minecraft.block.state.BlockStateContainer
minecraft:end_bricks,net.minecraft.block.Block,[],net.minecraft.block.state.BlockStateContainer
minecraft:end_gateway,net.minecraft.block.BlockEndGateway,[],net.minecraft.block.state.BlockStateContainer
minecraft:end_portal,net.minecraft.block.BlockEndPortal,[],net.minecraft.block.state.BlockStateContainer
minecraft:end_portal_frame,net.minecraft.block.BlockEndPortalFrame,"[PropertyBool{name=eye, clazz=class java.lang.Boolean, values=[true, false]}, PropertyDirection{name=facing, clazz=class net.minecraft.util.EnumFacing, values=[north, south, west, east]}]",net.minecraft.block.state.BlockStateContainer
minecraft:end_rod,net.minecraft.block.BlockEndRod,"[PropertyDirection{name=facing, clazz=class net.minecraft.util.EnumFacing, values=[down, up, north, south, west, east]}]",net.minecraft.block.state.BlockStateContainer
minecraft:end_stone,net.minecraft.block.Block,[],net.minecraft.block.state.BlockStateContainer
minecraft:ender_chest,net.minecraft.block.BlockEnderChest,"[PropertyDirection{name=facing, clazz=class net.minecraft.util.EnumFacing, values=[north, south, west, east]}]",net.minecraft.block.state.BlockStateContainer
minecraft:farmland,net.minecraft.block.BlockFarmland,"[PropertyInteger{name=moisture, clazz=class java.lang.Integer, values=[0, 1, 2, 3, 4, 5, 6, 7]}]",net.minecraft.block.state.BlockStateContainer
minecraft:fence,net.minecraft.block.BlockFence,"[PropertyBool{name=east, clazz=class java.lang.Boolean, values=[true, false]}, PropertyBool{name=north, clazz=class java.lang.Boolean, values=[true, false]}, PropertyBool{name=south, clazz=class java.lang.Boolean, values=[true, false]}, PropertyBool{name=west, clazz=class java.lang.Boolean, values=[true, false]}]",net.minecraft.block.state.BlockStateContainer
minecraft:fence_gate,net.minecraft.block.BlockFenceGate,"[PropertyDirection{name=facing, clazz=class net.minecraft.util.EnumFacing, values=[north, south, west, east]}, PropertyBool{name=in_wall, clazz=class java.lang.Boolean, values=[true, false]}, PropertyBool{name=open, clazz=class java.lang.Boolean, values=[true, false]}, PropertyBool{name=powered, clazz=class java.lang.Boolean, values=[true, false]}]",net.minecraft.block.state.BlockStateContainer
minecraft:fire,net.minecraft.block.BlockFire,"[PropertyInteger{name=age, clazz=class java.lang.Integer, values=[0, 1, 2, 3, 4, 5, 6, 7, 8, 9, 10, 11, 12, 13, 14, 15]}, PropertyBool{name=east, clazz=class java.lang.Boolean, values=[true, false]}, PropertyBool{name=north, clazz=class java.lang.Boolean, values=[true, false]}, PropertyBool{name=south, clazz=class java.lang.Boolean, values=[true, false]}, PropertyBool{name=up, clazz=class java.lang.Boolean, values=[true, false]}, PropertyBool{name=west, clazz=class java.lang.Boolean, values=[true, false]}]",net.minecraft.block.state.BlockStateContainer
minecraft:flower_pot,net.minecraft.block.BlockFlowerPot,"[PropertyEnum{name=contents, clazz=class net.minecraft.block.BlockFlowerPot$EnumFlowerType, values=[empty, rose, blue_orchid, allium, houstonia, red_tulip, orange_tulip, white_tulip, pink_tulip, oxeye_daisy, dandelion, oak_sapling, spruce_sapling, birch_sapling, jungle_sapling, acacia_sapling, dark_oak_sapling, mushroom_red, mushroom_brown, dead_bush, fern, cactus]}, PropertyInteger{name=legacy_data, clazz=class java.lang.Integer, values=[0, 1, 2, 3, 4, 5, 6, 7, 8, 9, 10, 11, 12, 13, 14, 15]}]",net.minecraft.block.state.BlockStateContainer
minecraft:flowing_lava,net.minecraft.block.BlockDynamicLiquid,"[PropertyInteger{name=level, clazz=class java.lang.Integer, values=[0, 1, 2, 3, 4, 5, 6, 7, 8, 9, 10, 11, 12, 13, 14, 15]}]",net.minecraft.block.state.BlockStateContainer
minecraft:flowing_water,net.minecraft.block.BlockDynamicLiquid,"[PropertyInteger{name=level, clazz=class java.lang.Integer, values=[0, 1, 2, 3, 4, 5, 6, 7, 8, 9, 10, 11, 12, 13, 14, 15]}]",net.minecraft.block.state.BlockStateContainer
minecraft:frosted_ice,net.minecraft.block.BlockFrostedIce,"[PropertyInteger{name=age, clazz=class java.lang.Integer, values=[0, 1, 2, 3]}]",net.minecraft.block.state.BlockStateContainer
minecraft:furnace,net.minecraft.block.BlockFurnace,"[PropertyDirection{name=facing, clazz=class net.minecraft.util.EnumFacing, values=[north, south, west, east]}]",net.minecraft.block.state.BlockStateContainer
minecraft:glass,net.minecraft.block.BlockGlass,[],net.minecraft.block.state.BlockStateContainer
minecraft:glass_pane,net.minecraft.block.BlockPane,"[PropertyBool{name=east, clazz=class java.lang.Boolean, values=[true, false]}, PropertyBool{name=north, clazz=class java.lang.Boolean, values=[true, false]}, PropertyBool{name=south, clazz=class java.lang.Boolean, values=[true, false]}, PropertyBool{name=west, clazz=class java.lang.Boolean, values=[true, false]}]",net.minecraft.block.state.BlockStateContainer
minecraft:glowstone,net.minecraft.block.BlockGlowstone,[],net.minecraft.block.state.BlockStateContainer
minecraft:gold_block,net.minecraft.block.Block,[],net.minecraft.block.state.BlockStateContainer
minecraft:gold_ore,net.minecraft.block.BlockOre,[],net.minecraft.block.state.BlockStateContainer
minecraft:golden_rail,net.minecraft.block.BlockRailPowered,"[PropertyBool{name=powered, clazz=class java.lang.Boolean, values=[true, false]}, PropertyEnum{name=shape, clazz=class net.minecraft.block.BlockRailBase$EnumRailDirection, values=[north_south, east_west, ascending_east, ascending_west, ascending_north, ascending_south]}]",net.minecraft.block.state.BlockStateContainer
minecraft:grass,net.minecraft.block.BlockGrass,"[PropertyBool{name=snowy, clazz=class java.lang.Boolean, values=[true, false]}]",net.minecraft.block.state.BlockStateContainer
minecraft:grass_path,net.minecraft.block.BlockGrassPath,[],net.minecraft.block.state.BlockStateContainer
minecraft:gravel,net.minecraft.block.BlockGravel,[],net.minecraft.block.state.BlockStateContainer
minecraft:gray_glazed_terracotta,net.minecraft.block.BlockGlazedTerracotta,"[PropertyDirection{name=facing, clazz=class net.minecraft.util.EnumFacing, values=[north, south, west, east]}]",net.minecraft.block.state.BlockStateContainer
minecraft:gray_shulker_box,net.minecraft.block.BlockShulkerBox,"[PropertyDirection{name=facing, clazz=class net.minecraft.util.EnumFacing, values=[down, up, north, south, west, east]}]",net.minecraft.block.state.BlockStateContainer
minecraft:green_glazed_terracotta,net.minecraft.block.BlockGlazedTerracotta,"[PropertyDirection{name=facing, clazz=class net.minecraft.util.EnumFacing, values=[north, south, west, east]}]",net.minecraft.block.state.BlockStateContainer
minecraft:green_shulker_box,net.minecraft.block.BlockShulkerBox,"[PropertyDirection{name=facing, clazz=class net.minecraft.util.EnumFacing, values=[down, up, north, south, west, east]}]",net.minecraft.block.state.BlockStateContainer
minecraft:hardened_clay,net.minecraft.block.BlockHardenedClay,[],net.minecraft.block.state.BlockStateContainer
minecraft:hay_block,net.minecraft.block.BlockHay,"[PropertyEnum{name=axis, clazz=class net.minecraft.util.EnumFacing$Axis, values=[x, y, z]}]",net.minecraft.block.state.BlockStateContainer
minecraft:heavy_weighted_pressure_plate,net.minecraft.block.BlockPressurePlateWeighted,"[PropertyInteger{name=power, clazz=class java.lang.Integer, values=[0, 1, 2, 3, 4, 5, 6, 7, 8, 9, 10, 11, 12, 13, 14, 15]}]",net.minecraft.block.state.BlockStateContainer
minecraft:hopper,net.minecraft.block.BlockHopper,"[PropertyBool{name=enabled, clazz=class java.lang.Boolean, values=[true, false]}, PropertyDirection{name=facing, clazz=class net.minecraft.util.EnumFacing, values=[down, north, south, west, east]}]",net.minecraft.block.state.BlockStateContainer
minecraft:ice,net.minecraft.block.BlockIce,[],net.minecraft.block.state.BlockStateContainer
minecraft:iron_bars,net.minecraft.block.BlockPane,"[PropertyBool{name=east, clazz=class java.lang.Boolean, values=[true, false]}, PropertyBool{name=north, clazz=class java.lang.Boolean, values=[true, false]}, PropertyBool{name=south, clazz=class java.lang.Boolean, values=[true, false]}, PropertyBool{name=west, clazz=class java.lang.Boolean, values=[true, false]}]",net.minecraft.block.state.BlockStateContainer
minecraft:iron_block,net.minecraft.block.Block,[],net.minecraft.block.state.BlockStateContainer
minecraft:iron_door,net.minecraft.block.BlockDoor,"[PropertyDirection{name=facing, clazz=class net.minecraft.util.EnumFacing, values=[north, south, west, east]}, PropertyEnum{name=half, clazz=class net.minecraft.block.BlockDoor$EnumDoorHalf, values=[upper, lower]}, PropertyEnum{name=hinge, clazz=class net.minecraft.block.BlockDoor$EnumHingePosition, values=[left, right]}, PropertyBool{name=open, clazz=class java.lang.Boolean, values=[true, false]}, PropertyBool{name=powered, clazz=class java.lang.Boolean, values=[true, false]}]",net.minecraft.block.state.BlockStateContainer
minecraft:iron_ore,net.minecraft.block.BlockOre,[],net.minecraft.block.state.BlockStateContainer
minecraft:iron_trapdoor,net.minecraft.block.BlockTrapDoor,"[PropertyDirection{name=facing, clazz=class net.minecraft.util.EnumFacing, values=[north, south, west, east]}, PropertyEnum{name=half, clazz=class net.minecraft.block.BlockTrapDoor$DoorHalf, values=[top, bottom]}, PropertyBool{name=open, clazz=class java.lang.Boolean, values=[true, false]}]",net.minecraft.block.state.BlockStateContainer
minecraft:jukebox,net.minecraft.block.BlockJukebox,"[PropertyBool{name=has_record, clazz=class java.lang.Boolean, values=[true, false]}]",net.minecraft.block.state.BlockStateContainer
minecraft:jungle_door,net.minecraft.block.BlockDoor,"[PropertyDirection{name=facing, clazz=class net.minecraft.util.EnumFacing, values=[north, south, west, east]}, PropertyEnum{name=half, clazz=class net.minecraft.block.BlockDoor$EnumDoorHalf, values=[upper, lower]}, PropertyEnum{name=hinge, clazz=class net.minecraft.block.BlockDoor$EnumHingePosition, values=[left, right]}, PropertyBool{name=open, clazz=class java.lang.Boolean, values=[true, false]}, PropertyBool{name=powered, clazz=class java.lang.Boolean, values=[true, false]}]",net.minecraft.block.state.BlockStateContainer
minecraft:jungle_fence,net.minecraft.block.BlockFence,"[PropertyBool{name=east, clazz=class java.lang.Boolean, values=[true, false]}, PropertyBool{name=north, clazz=class java.lang.Boolean, values=[true, false]}, PropertyBool{name=south, clazz=class java.lang.Boolean, values=[true, false]}, PropertyBool{name=west, clazz=class java.lang.Boolean, values=[true, false]}]",net.minecraft.block.state.BlockStateContainer
minecraft:jungle_fence_gate,net.minecraft.block.BlockFenceGate,"[PropertyDirection{name=facing, clazz=class net.minecraft.util.EnumFacing, values=[north, south, west, east]}, PropertyBool{name=in_wall, clazz=class java.lang.Boolean, values=[true, false]}, PropertyBool{name=open, clazz=class java.lang.Boolean, values=[true, false]}, PropertyBool{name=powered, clazz=class java.lang.Boolean, values=[true, false]}]",net.minecraft.block.state.BlockStateContainer
minecraft:jungle_stairs,net.minecraft.block.BlockStairs,"[PropertyDirection{name=facing, clazz=class net.minecraft.util.EnumFacing, values=[north, south, west, east]}, PropertyEnum{name=half, clazz=class net.minecraft.block.BlockStairs$EnumHalf, values=[top, bottom]}, PropertyEnum{name=shape, clazz=class net.minecraft.block.BlockStairs$EnumShape, values=[straight, inner_left, inner_right, outer_left, outer_right]}]",net.minecraft.block.state.BlockStateContainer
minecraft:ladder,net.minecraft.block.BlockLadder,"[PropertyDirection{name=facing, clazz=class net.minecraft.util.EnumFacing, values=[north, south, west, east]}]",net.minecraft.block.state.BlockStateContainer
minecraft:lapis_block,net.minecraft.block.Block,[],net.minecraft.block.state.BlockStateContainer
minecraft:lapis_ore,net.minecraft.block.BlockOre,[],net.minecraft.block.state.BlockStateContainer
minecraft:lava,net.minecraft.block.BlockStaticLiquid,"[PropertyInteger{name=level, clazz=class java.lang.Integer, values=[0, 1, 2, 3, 4, 5, 6, 7, 8, 9, 10, 11, 12, 13, 14, 15]}]",net.minecraft.block.state.BlockStateContainer
minecraft:leaves,net.minecraft.block.BlockOldLeaf,"[PropertyBool{name=check_decay, clazz=class java.lang.Boolean, values=[true, false]}, PropertyBool{name=decayable, clazz=class java.lang.Boolean, values=[true, false]}, PropertyEnum{name=variant, clazz=class net.minecraft.block.BlockPlanks$EnumType, values=[oak, spruce, birch, jungle]}]",net.minecraft.block.state.BlockStateContainer
minecraft:leaves2,net.minecraft.block.BlockNewLeaf,"[PropertyBool{name=check_decay, clazz=class java.lang.Boolean, values=[true, false]}, PropertyBool{name=decayable, clazz=class java.lang.Boolean, values=[true, false]}, PropertyEnum{name=variant, clazz=class net.minecraft.block.BlockPlanks$EnumType, values=[acacia, dark_oak]}]",net.minecraft.block.state.BlockStateContainer
minecraft:lever,net.minecraft.block.BlockLever,"[PropertyEnum{name=facing, clazz=class net.minecraft.block.BlockLever$EnumOrientation, values=[down_x, east, west, south, north, up_z, up_x, down_z]}, PropertyBool{name=powered, clazz=class java.lang.Boolean, values=[true, false]}]",net.minecraft.block.state.BlockStateContainer
minecraft:light_blue_glazed_terracotta,net.minecraft.block.BlockGlazedTerracotta,"[PropertyDirection{name=facing, clazz=class net.minecraft.util.EnumFacing, values=[north, south, west, east]}]",net.minecraft.block.state.BlockStateContainer
minecraft:light_blue_shulker_box,net.minecraft.block.BlockShulkerBox,"[PropertyDirection{name=facing, clazz=class net.minecraft.util.EnumFacing, values=[down, up, north, south, west, east]}]",net.minecraft.block.state.BlockStateContainer
minecraft:light_weighted_pressure_plate,net.minecraft.block.BlockPressurePlateWeighted,"[PropertyInteger{name=power, clazz=class java.lang.Integer, values=[0, 1, 2, 3, 4, 5, 6, 7, 8, 9, 10, 11, 12, 13, 14, 15]}]",net.minecraft.block.state.BlockStateContainer
minecraft:lime_glazed_terracotta,net.minecraft.block.BlockGlazedTerracotta,"[PropertyDirection{name=facing, clazz=class net.minecraft.util.EnumFacing, values=[north, south, west, east]}]",net.minecraft.block.state.BlockStateContainer
minecraft:lime_shulker_box,net.minecraft.block.BlockShulkerBox,"[PropertyDirection{name=facing, clazz=class net.minecraft.util.EnumFacing, values=[down, up, north, south, west, east]}]",net.minecraft.block.state.BlockStateContainer
minecraft:lit_furnace,net.minecraft.block.BlockFurnace,"[PropertyDirection{name=facing, clazz=class net.minecraft.util.EnumFacing, values=[north, south, west, east]}]",net.minecraft.block.state.BlockStateContainer
minecraft:lit_pumpkin,net.minecraft.block.BlockPumpkin,"[PropertyDirection{name=facing, clazz=class net.minecraft.util.EnumFacing, values=[north, south, west, east]}]",net.minecraft.block.state.BlockStateContainer
minecraft:lit_redstone_lamp,net.minecraft.block.BlockRedstoneLight,[],net.minecraft.block.state.BlockStateContainer
minecraft:lit_redstone_ore,net.minecraft.block.BlockRedstoneOre,[],net.minecraft.block.state.BlockStateContainer
minecraft:log,net.minecraft.block.BlockOldLog,"[PropertyEnum{name=axis, clazz=class net.minecraft.block.BlockLog$EnumAxis, values=[x, y, z, none]}, PropertyEnum{name=variant, clazz=class net.minecraft.block.BlockPlanks$EnumType, values=[oak, spruce, birch, jungle]}]",net.minecraft.block.state.BlockStateContainer
minecraft:log2,net.minecraft.block.BlockNewLog,"[PropertyEnum{name=axis, clazz=class net.minecraft.block.BlockLog$EnumAxis, values=[x, y, z, none]}, PropertyEnum{name=variant, clazz=class net.minecraft.block.BlockPlanks$EnumType, values=[acacia, dark_oak]}]",net.minecraft.block.state.BlockStateContainer
minecraft:magenta_glazed_terracotta,net.minecraft.block.BlockGlazedTerracotta,"[PropertyDirection{name=facing, clazz=class net.minecraft.util.EnumFacing, values=[north, south, west, east]}]",net.minecraft.block.state.BlockStateContainer
minecraft:magenta_shulker_box,net.minecraft.block.BlockShulkerBox,"[PropertyDirection{name=facing, clazz=class net.minecraft.util.EnumFacing, values=[down, up, north, south, west, east]}]",net.minecraft.block.state.BlockStateContainer
minecraft:magma,net.minecraft.block.BlockMagma,[],net.minecraft.block.state.BlockStateContainer
minecraft:melon_block,net.minecraft.block.BlockMelon,[],net.minecraft.block.state.BlockStateContainer
minecraft:melon_stem,net.minecraft.block.BlockStem,"[PropertyInteger{name=age, clazz=class java.lang.Integer, values=[0, 1, 2, 3, 4, 5, 6, 7]}, PropertyDirection{name=facing, clazz=class net.minecraft.util.EnumFacing, values=[up, north, south, west, east]}]",net.minecraft.block.state.BlockStateContainer
minecraft:mob_spawner,net.minecraft.block.BlockMobSpawner,[],net.minecraft.block.state.BlockStateContainer
minecraft:monster_egg,net.minecraft.block.BlockSilverfish,"[PropertyEnum{name=variant, clazz=class net.minecraft.block.BlockSilverfish$EnumType, values=[stone, cobblestone, stone_brick, mossy_brick, cracked_brick, chiseled_brick]}]",net.minecraft.block.state.BlockStateContainer
minecraft:mossy_cobblestone,net.minecraft.block.Block,[],net.minecraft.block.state.BlockStateContainer
minecraft:mycelium,net.minecraft.block.BlockMycelium,"[PropertyBool{name=snowy, clazz=class java.lang.Boolean, values=[true, false]}]",net.minecraft.block.state.BlockStateContainer
minecraft:nether_brick,net.minecraft.block.BlockNetherBrick,[],net.minecraft.block.state.BlockStateContainer
minecraft:nether_brick_fence,net.minecraft.block.BlockFence,"[PropertyBool{name=east, clazz=class java.lang.Boolean, values=[true, false]}, PropertyBool{name=north, clazz=class java.lang.Boolean, values=[true, false]}, PropertyBool{name=south, clazz=class java.lang.Boolean, values=[true, false]}, PropertyBool{name=west, clazz=class java.lang.Boolean, values=[true, false]}]",net.minecraft.block.state.BlockStateContainer
minecraft:nether_brick_stairs,net.minecraft.block.BlockStairs,"[PropertyDirection{name=facing, clazz=class net.minecraft.util.EnumFacing, values=[north, south, west, east]}, PropertyEnum{name=half, clazz=class net.minecraft.block.BlockStairs$EnumHalf, values=[top, bottom]}, PropertyEnum{name=shape, clazz=class net.minecraft.block.BlockStairs$EnumShape, values=[straight, inner_left, inner_right, outer_left, outer_right]}]",net.minecraft.block.state.BlockStateContainer
minecraft:nether_wart,net.minecraft.block.BlockNetherWart,"[PropertyInteger{name=age, clazz=class java.lang.Integer, values=[0, 1, 2, 3]}]",net.minecraft.block.state.BlockStateContainer
minecraft:nether_wart_block,net.minecraft.block.Block,[],net.minecraft.block.state.BlockStateContainer
minecraft:netherrack,net.minecraft.block.BlockNetherrack,[],net.minecraft.block.state.BlockStateContainer
minecraft:noteblock,net.minecraft.block.BlockNote,[],net.minecraft.block.state.BlockStateContainer
minecraft:oak_stairs,net.minecraft.block.BlockStairs,"[PropertyDirection{name=facing, clazz=class net.minecraft.util.EnumFacing, values=[north, south, west, east]}, PropertyEnum{name=half, clazz=class net.minecraft.block.BlockStairs$EnumHalf, values=[top, bottom]}, PropertyEnum{name=shape, clazz=class net.minecraft.block.BlockStairs$EnumShape, values=[straight, inner_left, inner_right, outer_left, outer_right]}]",net.minecraft.block.state.BlockStateContainer
minecraft:observer,net.minecraft.block.BlockObserver,"[PropertyDirection{name=facing, clazz=class net.minecraft.util.EnumFacing, values=[down, up, north, south, west, east]}, PropertyBool{name=powered, clazz=class java.lang.Boolean, values=[true, false]}]",net.minecraft.block.state.BlockStateContainer
minecraft:obsidian,net.minecraft.block.BlockObsidian,[],net.minecraft.block.state.BlockStateContainer
minecraft:orange_glazed_terracotta,net.minecraft.block.BlockGlazedTerracotta,"[PropertyDirection{name=facing, clazz=class net.minecraft.util.EnumFacing, values=[north, south, west, east]}]",net.minecraft.block.state.BlockStateContainer
minecraft:orange_shulker_box,net.minecraft.block.BlockShulkerBox,"[PropertyDirection{name=facing, clazz=class net.minecraft.util.EnumFacing, values=[down, up, north, south, west, east]}]",net.minecraft.block.state.BlockStateContainer
minecraft:packed_ice,net.minecraft.block.BlockPackedIce,[],net.minecraft.block.state.BlockStateContainer
minecraft:pink_glazed_terracotta,net.minecraft.block.BlockGlazedTerracotta,"[PropertyDirection{name=facing, clazz=class net.minecraft.util.EnumFacing, values=[north, south, west, east]}]",net.minecraft.block.state.BlockStateContainer
minecraft:pink_shulker_box,net.minecraft.block.BlockShulkerBox,"[PropertyDirection{name=facing, clazz=class net.minecraft.util.EnumFacing, values=[down, up, north, south, west, east]}]",net.minecraft.block.state.BlockStateContainer
minecraft:piston,net.minecraft.block.BlockPistonBase,"[PropertyBool{name=extended, clazz=class java.lang.Boolean, values=[true, false]}, PropertyDirection{name=facing, clazz=class net.minecraft.util.EnumFacing, values=[down, up, north, south, west, east]}]",net.minecraft.block.state.BlockStateContainer
minecraft:piston_extension,net.minecraft.block.BlockPistonMoving,"[PropertyDirection{name=facing, clazz=class net.minecraft.util.EnumFacing, values=[down, up, north, south, west, east]}, PropertyEnum{name=type, clazz=class net.minecraft.block.BlockPistonExtension$EnumPistonType, values=[normal, sticky]}]",net.minecraft.block.state.BlockStateContainer
minecraft:piston_head,net.minecraft.block.BlockPistonExtension,"[PropertyDirection{name=facing, clazz=class net.minecraft.util.EnumFacing, values=[down, up, north, south, west, east]}, PropertyBool{name=short, clazz=class java.lang.Boolean, values=[true, false]}, PropertyEnum{name=type, clazz=class net.minecraft.block.BlockPistonExtension$EnumPistonType, values=[normal, sticky]}]",net.minecraft.block.state.BlockStateContainer
minecraft:planks,net.minecraft.block.BlockPlanks,"[PropertyEnum{name=variant, clazz=class net.minecraft.block.BlockPlanks$EnumType, values=[oak, spruce, birch, jungle, acacia, dark_oak]}]",net.minecraft.block.state.BlockStateContainer
minecraft:portal,net.minecraft.block.BlockPortal,"[PropertyEnum{name=axis, clazz=class net.minecraft.util.EnumFacing$Axis, values=[x, z]}]",net.minecraft.block.state.BlockStateContainer
minecraft:potatoes,net.minecraft.block.BlockPotato,"[PropertyInteger{name=age, clazz=class java.lang.Integer, values=[0, 1, 2, 3, 4, 5, 6, 7]}]",net.minecraft.block.state.BlockStateContainer
minecraft:powered_comparator,net.minecraft.block.BlockRedstoneComparator,"[PropertyDirection{name=facing, clazz=class net.minecraft.util.EnumFacing, values=[north, south, west, east]}, PropertyEnum{name=mode, clazz=class net.minecraft.block.BlockRedstoneComparator$Mode, values=[compare, subtract]}, PropertyBool{name=powered, clazz=class java.lang.Boolean, values=[true, false]}]",net.minecraft.block.state.BlockStateContainer
minecraft:powered_repeater,net.minecraft.block.BlockRedstoneRepeater,"[PropertyInteger{name=delay, clazz=class java.lang.Integer, values=[1, 2, 3, 4]}, PropertyDirection{name=facing, clazz=class net.minecraft.util.EnumFacing, values=[north, south, west, east]}, PropertyBool{name=locked, clazz=class java.lang.Boolean, values=[true, false]}]",net.minecraft.block.state.BlockStateContainer
minecraft:prismarine,net.minecraft.block.BlockPrismarine,"[PropertyEnum{name=variant, clazz=class net.minecraft.block.BlockPrismarine$EnumType, values=[prismarine, prismarine_bricks, dark_prismarine]}]",net.minecraft.block.state.BlockStateContainer
minecraft:pumpkin,net.minecraft.block.BlockPumpkin,"[PropertyDirection{name=facing, clazz=class net.minecraft.util.EnumFacing, values=[north, south, west, east]}]",net.minecraft.block.state.BlockStateContainer
minecraft:pumpkin_stem,net.minecraft.block.BlockStem,"[PropertyInteger{name=age, clazz=class java.lang.Integer, values=[0, 1, 2, 3, 4, 5, 6, 7]}, PropertyDirection{name=facing, clazz=class net.minecraft.util.EnumFacing, values=[up, north, south, west, east]}]",net.minecraft.block.state.BlockStateContainer
minecraft:purple_glazed_terracotta,net.minecraft.block.BlockGlazedTerracotta,"[PropertyDirection{name=facing, clazz=class net.minecraft.util.EnumFacing, values=[north, south, west, east]}]",net.minecraft.block.state.BlockStateContainer
minecraft:purple_shulker_box,net.minecraft.block.BlockShulkerBox,"[PropertyDirection{name=facing, clazz=class net.minecraft.util.EnumFacing, values=[down, up, north, south, west, east]}]",net.minecraft.block.state.BlockStateContainer
minecraft:purpur_block,net.minecraft.block.Block,[],net.minecraft.block.state.BlockStateContainer
minecraft:purpur_double_slab,net.minecraft.block.BlockPurpurSlab$Double,"[PropertyEnum{name=variant, clazz=class net.minecraft.block.BlockPurpurSlab$Variant, values=[DEFAULT]}]",net.minecraft.block.state.BlockStateContainer
minecraft:purpur_pillar,net.minecraft.block.BlockRotatedPillar,"[PropertyEnum{name=axis, clazz=class net.minecraft.util.EnumFacing$Axis, values=[x, y, z]}]",net.minecraft.block.state.BlockStateContainer
minecraft:purpur_slab,net.minecraft.block.BlockPurpurSlab$Half,"[PropertyEnum{name=half, clazz=class net.minecraft.block.BlockSlab$EnumBlockHalf, values=[top, bottom]}, PropertyEnum{name=variant, clazz=class net.minecraft.block.BlockPurpurSlab$Variant, values=[DEFAULT]}]",net.minecraft.block.state.BlockStateContainer
minecraft:purpur_stairs,net.minecraft.block.BlockStairs,"[PropertyDirection{name=facing, clazz=class net.minecraft.util.EnumFacing, values=[north, south, west, east]}, PropertyEnum{name=half, clazz=class net.minecraft.block.BlockStairs$EnumHalf, values=[top, bottom]}, PropertyEnum{name=shape, clazz=class net.minecraft.block.BlockStairs$EnumShape, values=[straight, inner_left, inner_right, outer_left, outer_right]}]",net.minecraft.block.state.BlockStateContainer
minecraft:quartz_block,net.minecraft.block.BlockQuartz,"[PropertyEnum{name=variant, clazz=class net.minecraft.block.BlockQuartz$EnumType, values=[default, chiseled, lines, lines, lines]}]",net.minecraft.block.state.BlockStateContainer
minecraft:quartz_ore,net.minecraft.block.BlockOre,[],net.minecraft.block.state.BlockStateContainer
minecraft:quartz_stairs,net.minecraft.block.BlockStairs,"[PropertyDirection{name=facing, clazz=class net.minecraft.util.EnumFacing, values=[north, south, west, east]}, PropertyEnum{name=half, clazz=class net.minecraft.block.BlockStairs$EnumHalf, values=[top, bottom]}, PropertyEnum{name=shape, clazz=class net.minecraft.block.BlockStairs$EnumShape, values=[straight, inner_left, inner_right, outer_left, outer_right]}]",net.minecraft.block.state.BlockStateContainer
minecraft:rail,net.minecraft.block.BlockRail,"[PropertyEnum{name=shape, clazz=class net.minecraft.block.BlockRailBase$EnumRailDirection, values=[north_south, east_west, ascending_east, ascending_west, ascending_north, ascending_south, south_east, south_west, north_west, north_east]}]",net.minecraft.block.state.BlockStateContainer
minecraft:red_flower,net.minecraft.block.BlockRedFlower,"[PropertyEnum{name=type, clazz=class net.minecraft.block.BlockFlower$EnumFlowerType, values=[poppy, blue_orchid, allium, houstonia, red_tulip, orange_tulip, white_tulip, pink_tulip, oxeye_daisy]}]",net.minecraft.block.state.BlockStateContainer
minecraft:red_glazed_terracotta,net.minecraft.block.BlockGlazedTerracotta,"[PropertyDirection{name=facing, clazz=class net.minecraft.util.EnumFacing, values=[north, south, west, east]}]",net.minecraft.block.state.BlockStateContainer
minecraft:red_mushroom,net.minecraft.block.BlockMushroom,[],net.minecraft.block.state.BlockStateContainer
minecraft:red_mushroom_block,net.minecraft.block.BlockHugeMushroom,"[PropertyEnum{name=variant, clazz=class net.minecraft.block.BlockHugeMushroom$EnumType, values=[north_west, north, north_east, west, center, east, south_west, south, south_east, stem, all_inside, all_outside, all_stem]}]",net.minecraft.block.state.BlockStateContainer
minecraft:red_nether_brick,net.minecraft.block.BlockNetherBrick,[],net.minecraft.block.state.BlockStateContainer
minecraft:red_sandstone,net.minecraft.block.BlockRedSandstone,"[PropertyEnum{name=type, clazz=class net.minecraft.block.BlockRedSandstone$EnumType, values=[red_sandstone, chiseled_red_sandstone, smooth_red_sandstone]}]",net.minecraft.block.state.BlockStateContainer
minecraft:red_sandstone_stairs,net.minecraft.block.BlockStairs,"[PropertyDirection{name=facing, clazz=class net.minecraft.util.EnumFacing, values=[north, south, west, east]}, PropertyEnum{name=half, clazz=class net.minecraft.block.BlockStairs$EnumHalf, values=[top, bottom]}, PropertyEnum{name=shape, clazz=class net.minecraft.block.BlockStairs$EnumShape, values=[straight, inner_left, inner_right, outer_left, outer_right]}]",net.minecraft.block.state.BlockStateContainer
minecraft:red_shulker_box,net.minecraft.block.BlockShulkerBox,"[PropertyDirection{name=facing, clazz=class net.minecraft.util.EnumFacing, values=[down, up, north, south, west, east]}]",net.minecraft.block.state.BlockStateContainer
minecraft:redstone_block,net.minecraft.block.BlockCompressedPowered,[],net.minecraft.block.state.BlockStateContainer
minecraft:redstone_lamp,net.minecraft.block.BlockRedstoneLight,[],net.minecraft.block.state.BlockStateContainer
minecraft:redstone_ore,net.minecraft.block.BlockRedstoneOre,[],net.minecraft.block.state.BlockStateContainer
minecraft:redstone_torch,net.minecraft.block.BlockRedstoneTorch,"[PropertyDirection{name=facing, clazz=class net.minecraft.util.EnumFacing, values=[up, north, south, west, east]}]",net.minecraft.block.state.BlockStateContainer
minecraft:redstone_wire,net.minecraft.block.BlockRedstoneWire,"[PropertyEnum{name=east, clazz=class net.minecraft.block.BlockRedstoneWire$EnumAttachPosition, values=[up, side, none]}, PropertyEnum{name=north, clazz=class net.minecraft.block.BlockRedstoneWire$EnumAttachPosition, values=[up, side, none]}, PropertyInteger{name=power, clazz=class java.lang.Integer, values=[0, 1, 2, 3, 4, 5, 6, 7, 8, 9, 10, 11, 12, 13, 14, 15]}, PropertyEnum{name=south, clazz=class net.minecraft.block.BlockRedstoneWire$EnumAttachPosition, values=[up, side, none]}, PropertyEnum{name=west, clazz=class net.minecraft.block.BlockRedstoneWire$EnumAttachPosition, values=[up, side, none]}]",net.minecraft.block.state.BlockStateContainer
minecraft:reeds,net.minecraft.block.BlockReed,"[PropertyInteger{name=age, clazz=class java.lang.Integer, values=[0, 1, 2, 3, 4, 5, 6, 7, 8, 9, 10, 11, 12, 13, 14, 15]}]",net.minecraft.block.state.BlockStateContainer
minecraft:repeating_command_block,net.minecraft.block.BlockCommandBlock,"[PropertyBool{name=conditional, clazz=class java.lang.Boolean, values=[true, false]}, PropertyDirection{name=facing, clazz=class net.minecraft.util.EnumFacing, values=[down, up, north, south, west, east]}]",net.minecraft.block.state.BlockStateContainer
minecraft:sand,net.minecraft.block.BlockSand,"[PropertyEnum{name=variant, clazz=class net.minecraft.block.BlockSand$EnumType, values=[sand, red_sand]}]",net.minecraft.block.state.BlockStateContainer
minecraft:sandstone,net.minecraft.block.BlockSandStone,"[PropertyEnum{name=type, clazz=class net.minecraft.block.BlockSandStone$EnumType, values=[sandstone, chiseled_sandstone, smooth_sandstone]}]",net.minecraft.block.state.BlockStateContainer
minecraft:sandstone_stairs,net.minecraft.block.BlockStairs,"[PropertyDirection{name=facing, clazz=class net.minecraft.util.EnumFacing, values=[north, south, west, east]}, PropertyEnum{name=half, clazz=class net.minecraft.block.BlockStairs$EnumHalf, values=[top, bottom]}, PropertyEnum{name=shape, clazz=class net.minecraft.block.BlockStairs$EnumShape, values=[straight, inner_left, inner_right, outer_left, outer_right]}]",net.minecraft.block.state.BlockStateContainer
minecraft:sapling,net.minecraft.block.BlockSapling,"[PropertyInteger{name=stage, clazz=class java.lang.Integer, values=[0, 1]}, PropertyEnum{name=type, clazz=class net.minecraft.block.BlockPlanks$EnumType, values=[oak, spruce, birch, jungle, acacia, dark_oak]}]",net.minecraft.block.state.BlockStateContainer
minecraft:sea_lantern,net.minecraft.block.BlockSeaLantern,[],net.minecraft.block.state.BlockStateContainer
minecraft:silver_glazed_terracotta,net.minecraft.block.BlockGlazedTerracotta,"[PropertyDirection{name=facing, clazz=class net.minecraft.util.EnumFacing, values=[north, south, west, east]}]",net.minecraft.block.state.BlockStateContainer
minecraft:silver_shulker_box,net.minecraft.block.BlockShulkerBox,"[PropertyDirection{name=facing, clazz=class net.minecraft.util.EnumFacing, values=[down, up, north, south, west, east]}]",net.minecraft.block.state.BlockStateContainer
minecraft:skull,net.minecraft.block.BlockSkull,"[PropertyDirection{name=facing, clazz=class net.minecraft.util.EnumFacing, values=[down, up, north, south, west, east]}, PropertyBool{name=nodrop, clazz=class java.lang.Boolean, values=[true, false]}]",net.minecraft.block.state.BlockStateContainer
minecraft:slime,net.minecraft.block.BlockSlime,[],net.minecraft.block.state.BlockStateContainer
minecraft:snow,net.minecraft.block.BlockSnowBlock,[],net.minecraft.block.state.BlockStateContainer
minecraft:snow_layer,net.minecraft.block.BlockSnow,"[PropertyInteger{name=layers, clazz=class java.lang.Integer, values=[1, 2, 3, 4, 5, 6, 7, 8]}]",net.minecraft.block.state.BlockStateContainer
minecraft:soul_sand,net.minecraft.block.BlockSoulSand,[],net.minecraft.block.state.BlockStateContainer
minecraft:sponge,net.minecraft.block.BlockSponge,"[PropertyBool{name=wet, clazz=class java.lang.Boolean, values=[true, false]}]",net.minecraft.block.state.BlockStateContainer
minecraft:spruce_door,net.minecraft.block.BlockDoor,"[PropertyDirection{name=facing, clazz=class net.minecraft.util.EnumFacing, values=[north, south, west, east]}, PropertyEnum{name=half, clazz=class net.minecraft.block.BlockDoor$EnumDoorHalf, values=[upper, lower]}, PropertyEnum{name=hinge, clazz=class net.minecraft.block.BlockDoor$EnumHingePosition, values=[left, right]}, PropertyBool{name=open, clazz=class java.lang.Boolean, values=[true, false]}, PropertyBool{name=powered, clazz=class java.lang.Boolean, values=[true, false]}]",net.minecraft.block.state.BlockStateContainer
minecraft:spruce_fence,net.minecraft.block.BlockFence,"[PropertyBool{name=east, clazz=class java.lang.Boolean, values=[true, false]}, PropertyBool{name=north, clazz=class java.lang.Boolean, values=[true, false]}, PropertyBool{name=south, clazz=class java.lang.Boolean, values=[true, false]}, PropertyBool{name=west, clazz=class java.lang.Boolean, values=[true, false]}]",net.minecraft.block.state.BlockStateContainer
minecraft:spruce_fence_gate,net.minecraft.block.BlockFenceGate,"[PropertyDirection{name=facing, clazz=class net.minecraft.util.EnumFacing, values=[north, south, west, east]}, PropertyBool{name=in_wall, clazz=class java.lang.Boolean, values=[true, false]}, PropertyBool{name=open, clazz=class java.lang.Boolean, values=[true, false]}, PropertyBool{name=powered, clazz=class java.lang.Boolean, values=[true, false]}]",net.minecraft.block.state.BlockStateContainer
minecraft:spruce_stairs,net.minecraft.block.BlockStairs,"[PropertyDirection{name=facing, clazz=class net.minecraft.util.EnumFacing, values=[north, south, west, east]}, PropertyEnum{name=half, clazz=class net.minecraft.block.BlockStairs$EnumHalf, values=[top, bottom]}, PropertyEnum{name=shape, clazz=class net.minecraft.block.BlockStairs$EnumShape, values=[straight, inner_left, inner_right, outer_left, outer_right]}]",net.minecraft.block.state.BlockStateContainer
minecraft:stained_glass,net.minecraft.block.BlockStainedGlass,"[PropertyEnum{name=color, clazz=class net.minecraft.item.EnumDyeColor, values=[white, orange, magenta, lightBlue, yellow, lime, pink, gray, silver, cyan, purple, blue, brown, green, red, black]}]",net.minecraft.block.state.BlockStateContainer
minecraft:stained_glass_pane,net.minecraft.block.BlockStainedGlassPane,"[PropertyEnum{name=color, clazz=class net.minecraft.item.EnumDyeColor, values=[white, orange, magenta, lightBlue, yellow, lime, pink, gray, silver, cyan, purple, blue, brown, green, red, black]}, PropertyBool{name=east, clazz=class java.lang.Boolean, values=[true, false]}, PropertyBool{name=north, clazz=class java.lang.Boolean, values=[true, false]}, PropertyBool{name=south, clazz=class java.lang.Boolean, values=[true, false]}, PropertyBool{name=west, clazz=class java.lang.Boolean, values=[true, false]}]",net.minecraft.block.state.BlockStateContainer
minecraft:stained_hardened_clay,net.minecraft.block.BlockStainedHardenedClay,"[PropertyEnum{name=color, clazz=class net.minecraft.item.EnumDyeColor, values=[white, orange, magenta, lightBlue, yellow, lime, pink, gray, silver, cyan, purple, blue, brown, green, red, black]}]",net.minecraft.block.state.BlockStateContainer
minecraft:standing_banner,net.minecraft.block.BlockBanner$BlockBannerStanding,"[PropertyInteger{name=rotation, clazz=class java.lang.Integer, values=[0, 1, 2, 3, 4, 5, 6, 7, 8, 9, 10, 11, 12, 13, 14, 15]}]",net.minecraft.block.state.BlockStateContainer
minecraft:standing_sign,net.minecraft.block.BlockStandingSign,"[PropertyInteger{name=rotation, clazz=class java.lang.Integer, values=[0, 1, 2, 3, 4, 5, 6, 7, 8, 9, 10, 11, 12, 13, 14, 15]}]",net.minecraft.block.state.BlockStateContainer
minecraft:sticky_piston,net.minecraft.block.BlockPistonBase,"[PropertyBool{name=extended, clazz=class java.lang.Boolean, values=[true, false]}, PropertyDirection{name=facing, clazz=class net.minecraft.util.EnumFacing, values=[down, up, north, south, west, east]}]",net.minecraft.block.state.BlockStateContainer
minecraft:stone,net.minecraft.block.BlockStone,"[PropertyEnum{name=variant, clazz=class net.minecraft.block.BlockStone$EnumType, values=[stone, granite, smooth_granite, diorite, smooth_diorite, andesite, smooth_andesite]}]",net.minecraft.block.state.BlockStateContainer
minecraft:stone_brick_stairs,net.minecraft.block.BlockStairs,"[PropertyDirection{name=facing, clazz=class net.minecraft.util.EnumFacing, values=[north, south, west, east]}, PropertyEnum{name=half, clazz=class net.minecraft.block.BlockStairs$EnumHalf, values=[top, bottom]}, PropertyEnum{name=shape, clazz=class net.minecraft.block.BlockStairs$EnumShape, values=[straight, inner_left, inner_right, outer_left, outer_right]}]",net.minecraft.block.state.BlockStateContainer
minecraft:stone_button,net.minecraft.block.BlockButtonStone,"[PropertyDirection{name=facing, clazz=class net.minecraft.util.EnumFacing, values=[down, up, north, south, west, east]}, PropertyBool{name=powered, clazz=class java.lang.Boolean, values=[true, false]}]",net.minecraft.block.state.BlockStateContainer
minecraft:stone_pressure_plate,net.minecraft.block.BlockPressurePlate,"[PropertyBool{name=powered, clazz=class java.lang.Boolean, values=[true, false]}]",net.minecraft.block.state.BlockStateContainer
minecraft:stone_slab,net.minecraft.block.BlockHalfStoneSlab,"[PropertyEnum{name=half, clazz=class net.minecraft.block.BlockSlab$EnumBlockHalf, values=[top, bottom]}, PropertyEnum{name=variant, clazz=class net.minecraft.block.BlockStoneSlab$EnumType, values=[stone, sandstone, wood_old, cobblestone, brick, stone_brick, nether_brick, quartz]}]",net.minecraft.block.state.BlockStateContainer
minecraft:stone_slab2,net.minecraft.block.BlockHalfStoneSlabNew,"[PropertyEnum{name=half, clazz=class net.minecraft.block.BlockSlab$EnumBlockHalf, values=[top, bottom]}, PropertyEnum{name=variant, clazz=class net.minecraft.block.BlockStoneSlabNew$EnumType, values=[red_sandstone]}]",net.minecraft.block.state.BlockStateContainer
minecraft:stone_stairs,net.minecraft.block.BlockStairs,"[PropertyDirection{name=facing, clazz=class net.minecraft.util.EnumFacing, values=[north, south, west, east]}, PropertyEnum{name=half, clazz=class net.minecraft.block.BlockStairs$EnumHalf, values=[top, bottom]}, PropertyEnum{name=shape, clazz=class net.minecraft.block.BlockStairs$EnumShape, values=[straight, inner_left, inner_right, outer_left, outer_right]}]",net.minecraft.block.state.BlockStateContainer
minecraft:stonebrick,net.minecraft.block.BlockStoneBrick,"[PropertyEnum{name=variant, clazz=class net.minecraft.block.BlockStoneBrick$EnumType, values=[stonebrick, mossy_stonebrick, cracked_stonebrick, chiseled_stonebrick]}]",net.minecraft.block.state.BlockStateContainer
minecraft:structure_block,net.minecraft.block.BlockStructure,"[PropertyEnum{name=mode, clazz=class net.minecraft.tileentity.TileEntityStructure$Mode, values=[SAVE, LOAD, CORNER, DATA]}]",net.minecraft.block.state.BlockStateContainer
minecraft:structure_void,net.minecraft.block.BlockStructureVoid,[],net.minecraft.block.state.BlockStateContainer
minecraft:tallgrass,net.minecraft.block.BlockTallGrass,"[PropertyEnum{name=type, clazz=class net.minecraft.block.BlockTallGrass$EnumType, values=[dead_bush, tall_grass, fern]}]",net.minecraft.block.state.BlockStateContainer
minecraft:tnt,net.minecraft.block.BlockTNT,"[PropertyBool{name=explode, clazz=class java.lang.Boolean, values=[true, false]}]",net.minecraft.block.state.BlockStateContainer
minecraft:torch,net.minecraft.block.BlockTorch,"[PropertyDirection{name=facing, clazz=class net.minecraft.util.EnumFacing, values=[up, north, south, west, east]}]",net.minecraft.block.state.BlockStateContainer
minecraft:trapdoor,net.minecraft.block.BlockTrapDoor,"[PropertyDirection{name=facing, clazz=class net.minecraft.util.EnumFacing, values=[north, south, west, east]}, PropertyEnum{name=half, clazz=class net.minecraft.block.BlockTrapDoor$DoorHalf, values=[top, bottom]}, PropertyBool{name=open, clazz=class java.lang.Boolean, values=[true, false]}]",net.minecraft.block.state.BlockStateContainer
minecraft:trapped_chest,net.minecraft.block.BlockChest,"[PropertyDirection{name=facing, clazz=class net.minecraft.util.EnumFacing, values=[north, south, west, east]}]",net.minecraft.block.state.BlockStateContainer
minecraft:tripwire,net.minecraft.block.BlockTripWire,"[PropertyBool{name=attached, clazz=class java.lang.Boolean, values=[true, false]}, PropertyBool{name=disarmed, clazz=class java.lang.Boolean, values=[true, false]}, PropertyBool{name=east, clazz=class java.lang.Boolean, values=[true, false]}, PropertyBool{name=north, clazz=class java.lang.Boolean, values=[true, false]}, PropertyBool{name=powered, clazz=class java.lang.Boolean, values=[true, false]}, PropertyBool{name=south, clazz=class java.lang.Boolean, values=[true, false]}, PropertyBool{name=west, clazz=class java.lang.Boolean, values=[true, false]}]",net.minecraft.block.state.BlockStateContainer
minecraft:tripwire_hook,net.minecraft.block.BlockTripWireHook,"[PropertyBool{name=attached, clazz=class java.lang.Boolean, values=[true, false]}, PropertyDirection{name=facing, clazz=class net.minecraft.util.EnumFacing, values=[north, south, west, east]}, PropertyBool{name=powered, clazz=class java.lang.Boolean, values=[true, false]}]",net.minecraft.block.state.BlockStateContainer
minecraft:unlit_redstone_torch,net.minecraft.block.BlockRedstoneTorch,"[PropertyDirection{name=facing, clazz=class net.minecraft.util.EnumFacing, values=[up, north, south, west, east]}]",net.minecraft.block.state.BlockStateContainer
minecraft:unpowered_comparator,net.minecraft.block.BlockRedstoneComparator,"[PropertyDirection{name=facing, clazz=class net.minecraft.util.EnumFacing, values=[north, south, west, east]}, PropertyEnum{name=mode, clazz=class net.minecraft.block.BlockRedstoneComparator$Mode, values=[compare, subtract]}, PropertyBool{name=powered, clazz=class java.lang.Boolean, values=[true, false]}]",net.minecraft.block.state.BlockStateContainer
minecraft:unpowered_repeater,net.minecraft.block.BlockRedstoneRepeater,"[PropertyInteger{name=delay, clazz=class java.lang.Integer, values=[1, 2, 3, 4]}, PropertyDirection{name=facing, clazz=class net.minecraft.util.EnumFacing, values=[north, south, west, east]}, PropertyBool{name=locked, clazz=class java.lang.Boolean, values=[true, false]}]",net.minecraft.block.state.BlockStateContainer
minecraft:vine,net.minecraft.block.BlockVine,"[PropertyBool{name=east, clazz=class java.lang.Boolean, values=[true, false]}, PropertyBool{name=north, clazz=class java.lang.Boolean, values=[true, false]}, PropertyBool{name=south, clazz=class java.lang.Boolean, values=[true, false]}, PropertyBool{name=up, clazz=class java.lang.Boolean, values=[true, false]}, PropertyBool{name=west, clazz=class java.lang.Boolean, values=[true, false]}]",net.minecraft.block.state.BlockStateContainer
minecraft:wall_banner,net.minecraft.block.BlockBanner$BlockBannerHanging,"[PropertyDirection{name=facing, clazz=class net.minecraft.util.EnumFacing, values=[north, south, west, east]}]",net.minecraft.block.state.BlockStateContainer
minecraft:wall_sign,net.minecraft.block.BlockWallSign,"[PropertyDirection{name=facing, clazz=class net.minecraft.util.EnumFacing, values=[north, south, west, east]}]",net.minecraft.block.state.BlockStateContainer
minecraft:water,net.minecraft.block.BlockStaticLiquid,"[PropertyInteger{name=level, clazz=class java.lang.Integer, values=[0, 1, 2, 3, 4, 5, 6, 7, 8, 9, 10, 11, 12, 13, 14, 15]}]",net.minecraft.block.state.BlockStateContainer
minecraft:waterlily,net.minecraft.block.BlockLilyPad,[],net.minecraft.block.state.BlockStateContainer
minecraft:web,net.minecraft.block.BlockWeb,[],net.minecraft.block.state.BlockStateContainer
minecraft:wheat,net.minecraft.block.BlockCrops,"[PropertyInteger{name=age, clazz=class java.lang.Integer, values=[0, 1, 2, 3, 4, 5, 6, 7]}]",net.minecraft.block.state.BlockStateContainer
minecraft:white_glazed_terracotta,net.minecraft.block.BlockGlazedTerracotta,"[PropertyDirection{name=facing, clazz=class net.minecraft.util.EnumFacing, values=[north, south, west, east]}]",net.minecraft.block.state.BlockStateContainer
minecraft:white_shulker_box,net.minecraft.block.BlockShulkerBox,"[PropertyDirection{name=facing, clazz=class net.minecraft.util.EnumFacing, values=[down, up, north, south, west, east]}]",net.minecraft.block.state.BlockStateContainer
minecraft:wooden_button,net.minecraft.block.BlockButtonWood,"[PropertyDirection{name=facing, clazz=class net.minecraft.util.EnumFacing, values=[down, up, north, south, west, east]}, PropertyBool{name=powered, clazz=class java.lang.Boolean, values=[true, false]}]",net.minecraft.block.state.BlockStateContainer
minecraft:wooden_door,net.minecraft.block.BlockDoor,"[PropertyDirection{name=facing, clazz=class net.minecraft.util.EnumFacing, values=[north, south, west, east]}, PropertyEnum{name=half, clazz=class net.minecraft.block.BlockDoor$EnumDoorHalf, values=[upper, lower]}, PropertyEnum{name=hinge, clazz=class net.minecraft.block.BlockDoor$EnumHingePosition, values=[left, right]}, PropertyBool{name=open, clazz=class java.lang.Boolean, values=[true, false]}, PropertyBool{name=powered, clazz=class java.lang.Boolean, values=[true, false]}]",net.minecraft.block.state.BlockStateContainer
minecraft:wooden_pressure_plate,net.minecraft.block.BlockPressurePlate,"[PropertyBool{name=powered, clazz=class java.lang.Boolean, values=[true, false]}]",net.minecraft.block.state.BlockStateContainer
minecraft:wooden_slab,net.minecraft.block.BlockHalfWoodSlab,"[PropertyEnum{name=half, clazz=class net.minecraft.block.BlockSlab$EnumBlockHalf, values=[top, bottom]}, PropertyEnum{name=variant, clazz=class net.minecraft.block.BlockPlanks$EnumType, values=[oak, spruce, birch, jungle, acacia, dark_oak]}]",net.minecraft.block.state.BlockStateContainer
minecraft:wool,net.minecraft.block.BlockColored,"[PropertyEnum{name=color, clazz=class net.minecraft.item.EnumDyeColor, values=[white, orange, magenta, lightBlue, yellow, lime, pink, gray, silver, cyan, purple, blue, brown, green, red, black]}]",net.minecraft.block.state.BlockStateContainer
minecraft:yellow_flower,net.minecraft.block.BlockYellowFlower,"[PropertyEnum{name=type, clazz=class net.minecraft.block.BlockFlower$EnumFlowerType, values=[dandelion]}]",net.minecraft.block.state.BlockStateContainer
minecraft:yellow_glazed_terracotta,net.minecraft.block.BlockGlazedTerracotta,"[PropertyDirection{name=facing, clazz=class net.minecraft.util.EnumFacing, values=[north, south, west, east]}]",net.minecraft.block.state.BlockStateContainer
minecraft:yellow_shulker_box,net.minecraft.block.BlockShulkerBox,"[PropertyDirection{name=facing, clazz=class net.minecraft.util.EnumFacing, values=[down, up, north, south, west, east]}]",net.minecraft.block.state.BlockStateContainer