Interface,Default Instance Class,Storage Class
net.minecraftforge.common.model.animation.IAnimationStateMachine,net.minecraftforge.common.model.animation.AnimationStateMachine,net.minecraftforge.common.model.animation.CapabilityAnimation$1
net.minecraftforge.energy.IEnergyStorage,net.minecraftforge.energy.EnergyStorage,net.minecraftforge.energy.CapabilityEnergy$1
net.minecraftforge.fluids.capability.IFluidHandler,net.minecraftforge.fluids.FluidTank,net.minecraftforge.fluids.capability.CapabilityFluidHandler$DefaultFluidHandlerStorage
net.minecraftforge.fluids.capability.IFluidHandlerItem,net.minecraftforge.fluids.capability.templates.FluidHandlerItemStack,net.minecraftforge.fluids.capability.CapabilityFluidHandler$DefaultFluidHandlerStorage
net.minecraftforge.items.IItemHandler,net.minecraftforge.items.ItemStackHandler,net.minecraftforge.items.CapabilityItemHandler$1