ID,Name,Class Name,Levels,Rarity,Is Curse,Type,Allowed on Books,Is Treasure,Localized Name [Min Enchantability - Max Enchantability]
minecraft:aqua_affinity,enchantment.waterWorker,net.minecraft.enchantment.EnchantmentWaterWorker,1 - 1,RARE,-,ARMOR_HEAD,+,-,Aqua Affinity [1 - 41]
minecraft:bane_of_arthropods,enchantment.damage.arthropods,net.minecraft.enchantment.EnchantmentDamage,1 - 5,UNCOMMON,-,WEAPON,+,-,"Bane of Arthropods I [5 - 25]
Bane of Arthropods II [13 - 33]
Bane of Arthropods III [21 - 41]
Bane of Arthropods IV [29 - 49]
Bane of Arthropods V [37 - 57]"
minecraft:binding_curse,enchantment.binding_curse,net.minecraft.enchantment.EnchantmentBindingCurse,1 - 1,VERY_RARE,+,WEARABLE,+,+,§cCurse of Binding [25 - 50]
minecraft:blast_protection,enchantment.protect.explosion,net.minecraft.enchantment.EnchantmentProtection,1 - 4,RARE,-,ARMOR,+,-,"Blast Protection I [5 - 13]
Blast Protection II [13 - 21]
Blast Protection III [21 - 29]
Blast Protection IV [29 - 37]"
minecraft:depth_strider,enchantment.waterWalker,net.minecraft.enchantment.EnchantmentWaterWalker,1 - 3,RARE,-,ARMOR_FEET,+,-,"Depth Strider I [10 - 25]
Depth Strider II [20 - 35]
Depth Strider III [30 - 45]"
minecraft:efficiency,enchantment.digging,net.minecraft.enchantment.EnchantmentDigging,1 - 5,COMMON,-,DIGGER,+,-,"Efficiency I [1 - 61]
Efficiency II [11 - 71]
Efficiency III [21 - 81]
Efficiency IV [31 - 91]
Efficiency V [41 - 101]"
minecraft:feather_falling,enchantment.protect.fall,net.minecraft.enchantment.EnchantmentProtection,1 - 4,UNCOMMON,-,ARMOR_FEET,+,-,"Feather Falling I [5 - 11]
Feather Falling II [11 - 17]
Feather Falling III [17 - 23]
Feather Falling IV [23 - 29]"
minecraft:fire_aspect,enchantment.fire,net.minecraft.enchantment.EnchantmentFireAspect,1 - 2,RARE,-,WEAPON,+,-,"Fire Aspect I [10 - 61]
Fire Aspect II [30 - 71]"
minecraft:fire_protection,enchantment.protect.fire,net.minecraft.enchantment.EnchantmentProtection,1 - 4,UNCOMMON,-,ARMOR,+,-,"Fire Protection I [10 - 18]
Fire Protection II [18 - 26]
Fire Protection III [26 - 34]
Fire Protection IV [34 - 42]"
minecraft:flame,enchantment.arrowFire,net.minecraft.enchantment.EnchantmentArrowFire,1 - 1,RARE,-,BOW,+,-,Flame [20 - 50]
minecraft:fortune,enchantment.lootBonusDigger,net.minecraft.enchantment.EnchantmentLootBonus,1 - 3,RARE,-,DIGGER,+,-,"Fortune I [15 - 61]
Fortune II [24 - 71]
Fortune III [33 - 81]"
minecraft:frost_walker,enchantment.frostWalker,net.minecraft.enchantment.EnchantmentFrostWalker,1 - 2,RARE,-,ARMOR_FEET,+,+,"Frost Walker I [10 - 25]
Frost Walker II [20 - 35]"
minecraft:infinity,enchantment.arrowInfinite,net.minecraft.enchantment.EnchantmentArrowInfinite,1 - 1,VERY_RARE,-,BOW,+,-,Infinity [20 - 50]
minecraft:knockback,enchantment.knockback,net.minecraft.enchantment.EnchantmentKnockback,1 - 2,UNCOMMON,-,WEAPON,+,-,"Knockback I [5 - 61]
Knockback II [25 - 71]"
minecraft:looting,enchantment.lootBonus,net.minecraft.enchantment.EnchantmentLootBonus,1 - 3,RARE,-,WEAPON,+,-,"Looting I [15 - 61]
Looting II [24 - 71]
Looting III [33 - 81]"
minecraft:luck_of_the_sea,enchantment.lootBonusFishing,net.minecraft.enchantment.EnchantmentLootBonus,1 - 3,RARE,-,FISHING_ROD,+,-,"Luck of the Sea I [15 - 61]
Luck of the Sea II [24 - 71]
Luck of the Sea III [33 - 81]"
minecraft:lure,enchantment.fishingSpeed,net.minecraft.enchantment.EnchantmentFishingSpeed,1 - 3,RARE,-,FISHING_ROD,+,-,"Lure I [15 - 61]
Lure II [24 - 71]
Lure III [33 - 81]"
minecraft:mending,enchantment.mending,net.minecraft.enchantment.EnchantmentMending,1 - 1,RARE,-,BREAKABLE,+,+,Mending [25 - 75]
minecraft:power,enchantment.arrowDamage,net.minecraft.enchantment.EnchantmentArrowDamage,1 - 5,COMMON,-,BOW,+,-,"Power I [1 - 16]
Power II [11 - 26]
Power III [21 - 36]
Power IV [31 - 46]
Power V [41 - 56]"
minecraft:projectile_protection,enchantment.protect.projectile,net.minecraft.enchantment.EnchantmentProtection,1 - 4,UNCOMMON,-,ARMOR,+,-,"Projectile Protection I [3 - 9]
Projectile Protection II [9 - 15]
Projectile Protection III [15 - 21]
Projectile Protection IV [21 - 27]"
minecraft:protection,enchantment.protect.all,net.minecraft.enchantment.EnchantmentProtection,1 - 4,COMMON,-,ARMOR,+,-,"Protection I [1 - 12]
Protection II [12 - 23]
Protection III [23 - 34]
Protection IV [34 - 45]"
minecraft:punch,enchantment.arrowKnockback,net.minecraft.enchantment.EnchantmentArrowKnockback,1 - 2,RARE,-,BOW,+,-,"Punch I [12 - 37]
Punch II [32 - 57]"
minecraft:respiration,enchantment.oxygen,net.minecraft.enchantment.EnchantmentOxygen,1 - 3,RARE,-,ARMOR_HEAD,+,-,"Respiration I [10 - 40]
Respiration II [20 - 50]
Respiration III [30 - 60]"
minecraft:sharpness,enchantment.damage.all,net.minecraft.enchantment.EnchantmentDamage,1 - 5,COMMON,-,WEAPON,+,-,"Sharpness I [1 - 21]
Sharpness II [12 - 32]
Sharpness III [23 - 43]
Sharpness IV [34 - 54]
Sharpness V [45 - 65]"
minecraft:silk_touch,enchantment.untouching,net.minecraft.enchantment.EnchantmentUntouching,1 - 1,VERY_RARE,-,DIGGER,+,-,Silk Touch [15 - 61]
minecraft:smite,enchantment.damage.undead,net.minecraft.enchantment.EnchantmentDamage,1 - 5,UNCOMMON,-,WEAPON,+,-,"Smite I [5 - 25]
Smite II [13 - 33]
Smite III [21 - 41]
Smite IV [29 - 49]
Smite V [37 - 57]"
minecraft:sweeping,enchantment.sweeping,net.minecraft.enchantment.EnchantmentSweepingEdge,1 - 3,RARE,-,WEAPON,+,-,"Sweeping Edge I [5 - 20]
Sweeping Edge II [14 - 29]
Sweeping Edge III [23 - 38]"
minecraft:thorns,enchantment.thorns,net.minecraft.enchantment.EnchantmentThorns,1 - 3,VERY_RARE,-,ARMOR_CHEST,+,-,"Thorns I [10 - 61]
Thorns II [30 - 71]
Thorns III [50 - 81]"
minecraft:unbreaking,enchantment.durability,net.minecraft.enchantment.EnchantmentDurability,1 - 3,UNCOMMON,-,BREAKABLE,+,-,"Unbreaking I [5 - 61]
Unbreaking II [13 - 71]
Unbreaking III [21 - 81]"
minecraft:vanishing_curse,enchantment.vanishing_curse,net.minecraft.enchantment.EnchantmentVanishingCurse,1 - 1,VERY_RARE,+,ALL,+,+,§cCurse of Vanishing [25 - 50]