ID,Name,Class Name,Primary Egg Color,Secondary Egg Color
clumps:xp_orb_big,xp_orb_big,com.blamejared.clumps.entities.EntityXPOrbBig,,
minecraft:area_effect_cloud,AreaEffectCloud,net.minecraft.entity.EntityAreaEffectCloud,,
minecraft:armor_stand,ArmorStand,net.minecraft.entity.item.EntityArmorStand,,
minecraft:arrow,Arrow,net.minecraft.entity.projectile.EntityTippedArrow,,
minecraft:bat,Bat,net.minecraft.entity.passive.EntityBat,#4C3E30,#0F0F0F
minecraft:blaze,Blaze,net.minecraft.entity.monster.EntityBlaze,#F6B201,#FFF87E
minecraft:boat,Boat,net.minecraft.entity.item.EntityBoat,,
minecraft:cave_spider,CaveSpider,net.minecraft.entity.monster.EntityCaveSpider,#0C424E,#A80E0E
minecraft:chest_minecart,MinecartChest,net.minecraft.entity.item.EntityMinecartChest,,
minecraft:chicken,Chicken,net.minecraft.entity.passive.EntityChicken,#A1A1A1,#FF0000
minecraft:commandblock_minecart,MinecartCommandBlock,net.minecraft.entity.item.EntityMinecartCommandBlock,,
minecraft:cow,Cow,net.minecraft.entity.passive.EntityCow,#443626,#A1A1A1
minecraft:creeper,Creeper,net.minecraft.entity.monster.EntityCreeper,#0DA70B,#000000
minecraft:donkey,Donkey,net.minecraft.entity.passive.EntityDonkey,#534539,#867566
minecraft:dragon_fireball,DragonFireball,net.minecraft.entity.projectile.EntityDragonFireball,,
minecraft:egg,ThrownEgg,net.minecraft.entity.projectile.EntityEgg,,
minecraft:elder_guardian,ElderGuardian,net.minecraft.entity.monster.EntityElderGuardian,#CECCBA,#747693
minecraft:ender_crystal,EnderCrystal,net.minecraft.entity.item.EntityEnderCrystal,,
minecraft:ender_dragon,EnderDragon,net.minecraft.entity.boss.EntityDragon,,
minecraft:ender_pearl,ThrownEnderpearl,net.minecraft.entity.item.EntityEnderPearl,,
minecraft:enderman,Enderman,net.minecraft.entity.monster.EntityEnderman,#161616,#000000
minecraft:endermite,Endermite,net.minecraft.entity.monster.EntityEndermite,#161616,#6E6E6E
minecraft:evocation_fangs,EvocationFangs,net.minecraft.entity.projectile.EntityEvokerFangs,,
minecraft:evocation_illager,EvocationIllager,net.minecraft.entity.monster.EntityEvoker,#959B9B,#1E1C1A
minecraft:eye_of_ender_signal,EyeOfEnderSignal,net.minecraft.entity.item.EntityEnderEye,,
minecraft:falling_block,FallingSand,net.minecraft.entity.item.EntityFallingBlock,,
minecraft:fireball,Fireball,net.minecraft.entity.projectile.EntityLargeFireball,,
minecraft:fireworks_rocket,FireworksRocketEntity,net.minecraft.entity.item.EntityFireworkRocket,,
minecraft:furnace_minecart,MinecartFurnace,net.minecraft.entity.item.EntityMinecartFurnace,,
minecraft:ghast,Ghast,net.minecraft.entity.monster.EntityGhast,#F9F9F9,#BCBCBC
minecraft:giant,Giant,net.minecraft.entity.monster.EntityGiantZombie,,
minecraft:guardian,Guardian,net.minecraft.entity.monster.EntityGuardian,#5A8272,#F17D30
minecraft:hopper_minecart,MinecartHopper,net.minecraft.entity.item.EntityMinecartHopper,,
minecraft:horse,Horse,net.minecraft.entity.passive.EntityHorse,#C09E7D,#EEE500
minecraft:husk,Husk,net.minecraft.entity.monster.EntityHusk,#797061,#E6CC94
minecraft:illusion_illager,IllusionIllager,net.minecraft.entity.monster.EntityIllusionIllager,,
minecraft:item,Item,net.minecraft.entity.item.EntityItem,,
minecraft:item_frame,ItemFrame,net.minecraft.entity.item.EntityItemFrame,,
minecraft:leash_knot,LeashKnot,net.minecraft.entity.EntityLeashKnot,,
minecraft:llama,Llama,net.minecraft.entity.passive.EntityLlama,#C09E7D,#995F40
minecraft:llama_spit,LlamaSpit,net.minecraft.entity.projectile.EntityLlamaSpit,,
minecraft:magma_cube,LavaSlime,net.minecraft.entity.monster.EntityMagmaCube,#340000,#FCFC00
minecraft:minecart,MinecartRideable,net.minecraft.entity.item.EntityMinecartEmpty,,
minecraft:mooshroom,MushroomCow,net.minecraft.entity.passive.EntityMooshroom,#A00F10,#B7B7B7
minecraft:mule,Mule,net.minecraft.entity.passive.EntityMule,#1B0200,#51331D
minecraft:ocelot,Ozelot,net.minecraft.entity.passive.EntityOcelot,#EFDE7D,#564434
minecraft:painting,Painting,net.minecraft.entity.item.EntityPainting,,
minecraft:parrot,Parrot,net.minecraft.entity.passive.EntityParrot,#0DA70B,#FF0000
minecraft:pig,Pig,net.minecraft.entity.passive.EntityPig,#F0A5A2,#DB635F
minecraft:polar_bear,PolarBear,net.minecraft.entity.monster.EntityPolarBear,#F2F2F2,#959590
minecraft:potion,ThrownPotion,net.minecraft.entity.projectile.EntityPotion,,
minecraft:rabbit,Rabbit,net.minecraft.entity.passive.EntityRabbit,#995F40,#734831
minecraft:sheep,Sheep,net.minecraft.entity.passive.EntitySheep,#E7E7E7,#FFB5B5
minecraft:shulker,Shulker,net.minecraft.entity.monster.EntityShulker,#946794,#4D3852
minecraft:shulker_bullet,ShulkerBullet,net.minecraft.entity.projectile.EntityShulkerBullet,,
minecraft:silverfish,Silverfish,net.minecraft.entity.monster.EntitySilverfish,#6E6E6E,#303030
minecraft:skeleton,Skeleton,net.minecraft.entity.monster.EntitySkeleton,#C1C1C1,#494949
minecraft:skeleton_horse,SkeletonHorse,net.minecraft.entity.passive.EntitySkeletonHorse,#68684F,#E5E5D8
minecraft:slime,Slime,net.minecraft.entity.monster.EntitySlime,#51A03E,#7EBF6E
minecraft:small_fireball,SmallFireball,net.minecraft.entity.projectile.EntitySmallFireball,,
minecraft:snowball,Snowball,net.minecraft.entity.projectile.EntitySnowball,,
minecraft:snowman,SnowMan,net.minecraft.entity.monster.EntitySnowman,,
minecraft:spawner_minecart,MinecartSpawner,net.minecraft.entity.item.EntityMinecartMobSpawner,,
minecraft:spectral_arrow,SpectralArrow,net.minecraft.entity.projectile.EntitySpectralArrow,,
minecraft:spider,Spider,net.minecraft.entity.monster.EntitySpider,#342D27,#A80E0E
minecraft:squid,Squid,net.minecraft.entity.passive.EntitySquid,#223B4D,#708899
minecraft:stray,Stray,net.minecraft.entity.monster.EntityStray,#617677,#DDEAEA
minecraft:tnt,PrimedTnt,net.minecraft.entity.item.EntityTNTPrimed,,
minecraft:tnt_minecart,MinecartTNT,net.minecraft.entity.item.EntityMinecartTNT,,
minecraft:vex,Vex,net.minecraft.entity.monster.EntityVex,#7A90A4,#E8EDF1
minecraft:villager,Villager,net.minecraft.entity.passive.EntityVillager,#563C33,#BD8B72
minecraft:villager_golem,VillagerGolem,net.minecraft.entity.monster.EntityIronGolem,,
minecraft:vindication_illager,VindicationIllager,net.minecraft.entity.monster.EntityVindicator,#959B9B,#275E61
minecraft:witch,Witch,net.minecraft.entity.monster.EntityWitch,#340000,#51A03E
minecraft:wither,WitherBoss,net.minecraft.entity.boss.EntityWither,,
minecraft:wither_skeleton,WitherSkeleton,net.minecraft.entity.monster.EntityWitherSkeleton,#141414,#474D4D
minecraft:wither_skull,WitherSkull,net.minecraft.entity.projectile.EntityWitherSkull,,
minecraft:wolf,Wolf,net.minecraft.entity.passive.EntityWolf,#D7D3D3,#CEAF96
minecraft:xp_bottle,ThrownExpBottle,net.minecraft.entity.item.EntityExpBottle,,
minecraft:xp_orb,XPOrb,net.minecraft.entity.item.EntityXPOrb,,
minecraft:zombie,Zombie,net.minecraft.entity.monster.EntityZombie,#00AFAF,#799C65
minecraft:zombie_horse,ZombieHorse,net.minecraft.entity.passive.EntityZombieHorse,#315234,#97C284
minecraft:zombie_pigman,PigZombie,net.minecraft.entity.monster.EntityPigZombie,#EA9393,#4C7129
minecraft:zombie_villager,ZombieVillager,net.minecraft.entity.monster.EntityZombieVillager,#563C33,#799C65