Item,Heal Amount,Saturation Modifier,Is Wolfs Favorite Meal,Is Always Edible,Item Use Duration,Potion Effect,Potion Effect Probability
minecraft:apple,4,0.3,-,-,32,,
minecraft:baked_potato,5,0.6,-,-,32,,
minecraft:beef,3,0.3,+,-,32,,
minecraft:beetroot,1,0.6,-,-,32,,
minecraft:beetroot_soup,6,0.6,-,-,32,,
minecraft:bread,5,0.6,-,-,32,,
minecraft:carrot,3,0.6,-,-,32,,
minecraft:chicken,2,0.3,+,-,32,"effect.hunger, Duration: 600",0.3
minecraft:chorus_fruit,4,0.3,-,+,32,,
minecraft:cooked_beef,8,0.8,+,-,32,,
minecraft:cooked_chicken,6,0.6,+,-,32,,
minecraft:cooked_fish,5,0.6,-,-,32,,
minecraft:cooked_fish:1,6,0.8,-,-,32,,
minecraft:cooked_mutton,6,0.8,+,-,32,,
minecraft:cooked_porkchop,8,0.8,+,-,32,,
minecraft:cooked_rabbit,5,0.6,+,-,32,,
minecraft:cookie,2,0.1,-,-,32,,
minecraft:fish,2,0.1,-,-,32,,
minecraft:fish:1,2,0.1,-,-,32,,
minecraft:fish:2,1,0.1,-,-,32,,
minecraft:fish:3,1,0.1,-,-,32,,
minecraft:golden_apple,4,1.2,-,+,32,,
minecraft:golden_apple:1,4,1.2,-,+,32,,
minecraft:golden_carrot,6,1.2,-,-,32,,
minecraft:melon,2,0.3,-,-,32,,
minecraft:mushroom_stew,6,0.6,-,-,32,,
minecraft:mutton,2,0.3,+,-,32,,
minecraft:poisonous_potato,2,0.3,-,-,32,"effect.poison, Duration: 100",0.6
minecraft:porkchop,3,0.3,+,-,32,,
minecraft:potato,1,0.3,-,-,32,,
minecraft:pumpkin_pie,8,0.3,-,-,32,,
minecraft:rabbit,3,0.3,+,-,32,,
minecraft:rabbit_stew,10,0.6,-,-,32,,
minecraft:rotten_flesh,4,0.1,+,-,32,"effect.hunger, Duration: 600",0.8
minecraft:spider_eye,2,0.8,-,-,32,"effect.poison, Duration: 100",1.0