ID,Group,Input Pattern,Input Ingredients,Output Item,Width,Height
minecraft:acacia_boat,boat,"A-A
AAA",A: minecraft:planks:4,minecraft:acacia_boat,3,2
minecraft:acacia_door,wooden_door,"AA
AA
AA",A: minecraft:planks:4,minecraft:acacia_door x3,2,3
minecraft:acacia_fence,wooden_fence,"ABA
ABA","A: minecraft:planks:4
B: minecraft:stick",minecraft:acacia_fence x3,3,2
minecraft:acacia_fence_gate,wooden_fence_gate,"ABA
ABA","A: minecraft:stick
B: minecraft:planks:4",minecraft:acacia_fence_gate,3,2
minecraft:acacia_stairs,wooden_stairs,"A--
AA-
AAA",A: minecraft:planks:4,minecraft:acacia_stairs x4,3,3
minecraft:activator_rail,,"ABA
ACA
ABA","A: ore:ingotIron
B: ore:stickWood
C: minecraft:redstone_torch",minecraft:activator_rail x6,3,3
minecraft:anvil,,"AAA
-B-
BBB","A: minecraft:iron_block
B: ore:ingotIron",minecraft:anvil,3,3
minecraft:armor_stand,,"AAA
-A-
ABA","A: ore:stickWood
B: minecraft:stone_slab",minecraft:armor_stand,3,3
minecraft:arrow,,"A
B
C","A: minecraft:flint
B: ore:stickWood
C: ore:feather",minecraft:arrow x4,1,3
minecraft:black_banner,banner,"AAA
AAA
-B-","A: ore:woolBlack
B: ore:stickWood",minecraft:banner,3,3
minecraft:red_banner,banner,"AAA
AAA
-B-","A: ore:woolRed
B: ore:stickWood",minecraft:banner:1,3,3
minecraft:lime_banner,banner,"AAA
AAA
-B-","A: ore:woolLime
B: ore:stickWood",minecraft:banner:10,3,3
minecraft:yellow_banner,banner,"AAA
AAA
-B-","A: ore:woolYellow
B: ore:stickWood",minecraft:banner:11,3,3
minecraft:light_blue_banner,banner,"AAA
AAA
-B-","A: ore:woolLightBlue
B: ore:stickWood",minecraft:banner:12,3,3
minecraft:magenta_banner,banner,"AAA
AAA
-B-","A: ore:woolMagenta
B: ore:stickWood",minecraft:banner:13,3,3
minecraft:orange_banner,banner,"AAA
AAA
-B-","A: ore:woolOrange
B: ore:stickWood",minecraft:banner:14,3,3
minecraft:white_banner,banner,"AAA
AAA
-B-","A: ore:woolWhite
B: ore:stickWood",minecraft:banner:15,3,3
minecraft:green_banner,banner,"AAA
AAA
-B-","A: ore:woolGreen
B: ore:stickWood",minecraft:banner:2,3,3
minecraft:brown_banner,banner,"AAA
AAA
-B-","A: ore:woolBrown
B: ore:stickWood",minecraft:banner:3,3,3
minecraft:blue_banner,banner,"AAA
AAA
-B-","A: ore:woolBlue
B: ore:stickWood",minecraft:banner:4,3,3
minecraft:purple_banner,banner,"AAA
AAA
-B-","A: ore:woolPurple
B: ore:stickWood",minecraft:banner:5,3,3
minecraft:cyan_banner,banner,"AAA
AAA
-B-","A: ore:woolCyan
B: ore:stickWood",minecraft:banner:6,3,3
minecraft:light_gray_banner,banner,"AAA
AAA
-B-","A: ore:woolLightGray
B: ore:stickWood",minecraft:banner:7,3,3
minecraft:gray_banner,banner,"AAA
AAA
-B-","A: ore:woolGray
B: ore:stickWood",minecraft:banner:8,3,3
minecraft:pink_banner,banner,"AAA
AAA
-B-","A: ore:woolPink
B: ore:stickWood",minecraft:banner:9,3,3
minecraft:beacon,,"AAA
ABA
CCC","A: ore:blockGlassColorless
B: ore:netherStar
C: minecraft:obsidian",minecraft:beacon,3,3
minecraft:white_bed,bed,"AAA
BBB","A: ore:woolWhite
B: ore:plankWood",minecraft:bed,3,2
minecraft:orange_bed,bed,"AAA
BBB","A: ore:woolOrange
B: ore:plankWood",minecraft:bed:1,3,2
minecraft:purple_bed,bed,"AAA
BBB","A: ore:woolPurple
B: ore:plankWood",minecraft:bed:10,3,2
minecraft:blue_bed,bed,"AAA
BBB","A: ore:woolBlue
B: ore:plankWood",minecraft:bed:11,3,2
minecraft:brown_bed,bed,"AAA
BBB","A: ore:woolBrown
B: ore:plankWood",minecraft:bed:12,3,2
minecraft:green_bed,bed,"AAA
BBB","A: ore:woolGreen
B: ore:plankWood",minecraft:bed:13,3,2
minecraft:red_bed,bed,"AAA
BBB","A: ore:woolRed
B: ore:plankWood",minecraft:bed:14,3,2
minecraft:black_bed,bed,"AAA
BBB","A: ore:woolBlack
B: ore:plankWood",minecraft:bed:15,3,2
minecraft:magenta_bed,bed,"AAA
BBB","A: ore:woolMagenta
B: ore:plankWood",minecraft:bed:2,3,2
minecraft:light_blue_bed,bed,"AAA
BBB","A: ore:woolLightBlue
B: ore:plankWood",minecraft:bed:3,3,2
minecraft:yellow_bed,bed,"AAA
BBB","A: ore:woolYellow
B: ore:plankWood",minecraft:bed:4,3,2
minecraft:lime_bed,bed,"AAA
BBB","A: ore:woolLime
B: ore:plankWood",minecraft:bed:5,3,2
minecraft:pink_bed,bed,"AAA
BBB","A: ore:woolPink
B: ore:plankWood",minecraft:bed:6,3,2
minecraft:gray_bed,bed,"AAA
BBB","A: ore:woolGray
B: ore:plankWood",minecraft:bed:7,3,2
minecraft:light_gray_bed,bed,"AAA
BBB","A: ore:woolLightGray
B: ore:plankWood",minecraft:bed:8,3,2
minecraft:cyan_bed,bed,"AAA
BBB","A: ore:woolCyan
B: ore:plankWood",minecraft:bed:9,3,2
minecraft:beetroot_soup,,"AAA
AAA
-B-","A: minecraft:beetroot
B: minecraft:bowl",minecraft:beetroot_soup,3,3
minecraft:birch_boat,boat,"A-A
AAA",A: minecraft:planks:2,minecraft:birch_boat,3,2
minecraft:birch_door,wooden_door,"AA
AA
AA",A: minecraft:planks:2,minecraft:birch_door x3,2,3
minecraft:birch_fence,wooden_fence,"ABA
ABA","A: minecraft:planks:2
B: minecraft:stick",minecraft:birch_fence x3,3,2
minecraft:birch_fence_gate,wooden_fence_gate,"ABA
ABA","A: minecraft:stick
B: minecraft:planks:2",minecraft:birch_fence_gate,3,2
minecraft:birch_stairs,wooden_stairs,"A--
AA-
AAA",A: minecraft:planks:2,minecraft:birch_stairs x4,3,3
minecraft:boat,boat,"A-A
AAA",A: minecraft:planks,minecraft:boat,3,2
minecraft:bone_block,,"AAA
AAA
AAA",A: minecraft:dye:15,minecraft:bone_block,3,3
minecraft:bookshelf,,"AAA
BBB
AAA","A: ore:plankWood
B: minecraft:book",minecraft:bookshelf,3,3
minecraft:bow,,"-AB
A-B
-AB","A: ore:stickWood
B: ore:string",minecraft:bow,3,3
minecraft:bowl,,"A-A
-A-",A: ore:plankWood,minecraft:bowl x4,3,2
minecraft:bread,,AAA,A: minecraft:wheat,minecraft:bread,3,1
minecraft:brewing_stand,,"-A-
BBB","A: minecraft:blaze_rod
B: ore:cobblestone",minecraft:brewing_stand,3,2
minecraft:brick_block,,"AA
AA",A: minecraft:brick,minecraft:brick_block,2,2
minecraft:brick_stairs,,"A--
AA-
AAA",A: minecraft:brick_block,minecraft:brick_stairs x4,3,3
minecraft:bucket,,"A-A
-A-",A: ore:ingotIron,minecraft:bucket,3,2
minecraft:cake,,"AAA
BCB
DDD","A: minecraft:milk_bucket
B: minecraft:sugar
C: ore:egg
D: minecraft:wheat",minecraft:cake,3,3
minecraft:white_carpet,carpet,AA,A: ore:woolWhite,minecraft:carpet x3,2,1
minecraft:orange_carpet,carpet,AA,A: ore:woolOrange,minecraft:carpet:1 x3,2,1
minecraft:purple_carpet,carpet,AA,A: ore:woolPurple,minecraft:carpet:10 x3,2,1
minecraft:blue_carpet,carpet,AA,A: ore:woolBlue,minecraft:carpet:11 x3,2,1
minecraft:brown_carpet,carpet,AA,A: ore:woolBrown,minecraft:carpet:12 x3,2,1
minecraft:green_carpet,carpet,AA,A: ore:woolGreen,minecraft:carpet:13 x3,2,1
minecraft:red_carpet,carpet,AA,A: ore:woolRed,minecraft:carpet:14 x3,2,1
minecraft:black_carpet,carpet,AA,A: ore:woolBlack,minecraft:carpet:15 x3,2,1
minecraft:magenta_carpet,carpet,AA,A: ore:woolMagenta,minecraft:carpet:2 x3,2,1
minecraft:light_blue_carpet,carpet,AA,A: ore:woolLightBlue,minecraft:carpet:3 x3,2,1
minecraft:yellow_carpet,carpet,AA,A: ore:woolYellow,minecraft:carpet:4 x3,2,1
minecraft:lime_carpet,carpet,AA,A: ore:woolLime,minecraft:carpet:5 x3,2,1
minecraft:pink_carpet,carpet,AA,A: ore:woolPink,minecraft:carpet:6 x3,2,1
minecraft:gray_carpet,carpet,AA,A: ore:woolGray,minecraft:carpet:7 x3,2,1
minecraft:light_gray_carpet,carpet,AA,A: ore:woolLightGray,minecraft:carpet:8 x3,2,1
minecraft:cyan_carpet,carpet,AA,A: ore:woolCyan,minecraft:carpet:9 x3,2,1
minecraft:carrot_on_a_stick,,"A-
-B","A: minecraft:fishing_rod
B: minecraft:carrot",minecraft:carrot_on_a_stick,2,2
minecraft:cauldron,,"A-A
A-A
AAA",A: ore:ingotIron,minecraft:cauldron,3,3
minecraft:chest,,"AAA
A-A
AAA",A: ore:plankWood,minecraft:chest,3,3
minecraft:chest_minecart,,"A
B","A: ore:chestWood
B: minecraft:minecart",minecraft:chest_minecart,1,2
minecraft:clay,,"AA
AA",A: minecraft:clay_ball,minecraft:clay,2,2
minecraft:clock,,"-A-
ABA
-A-","A: ore:ingotGold
B: ore:dustRedstone",minecraft:clock,3,3
minecraft:coal,,A,A: minecraft:coal_block,minecraft:coal x9,1,1
minecraft:coal_block,,"AAA
AAA
AAA",A: minecraft:coal,minecraft:coal_block,3,3
minecraft:cobblestone_wall,,"AAA
AAA",A: minecraft:cobblestone,minecraft:cobblestone_wall x6,3,2
minecraft:mossy_cobblestone_wall,,"AAA
AAA",A: minecraft:mossy_cobblestone,minecraft:cobblestone_wall:1 x6,3,2
minecraft:comparator,,"-A-
ABA
CCC","A: minecraft:redstone_torch
B: minecraft:quartz
C: ore:stone",minecraft:comparator,3,3
minecraft:compass,,"-A-
ABA
-A-","A: ore:ingotIron
B: ore:dustRedstone",minecraft:compass,3,3
minecraft:cookie,,ABA,"A: minecraft:wheat
B: minecraft:dye:3",minecraft:cookie x8,3,1
minecraft:crafting_table,,"AA
AA",A: ore:plankWood,minecraft:crafting_table,2,2
minecraft:dark_oak_boat,boat,"A-A
AAA",A: minecraft:planks:5,minecraft:dark_oak_boat,3,2
minecraft:dark_oak_door,wooden_door,"AA
AA
AA",A: minecraft:planks:5,minecraft:dark_oak_door x3,2,3
minecraft:dark_oak_fence,wooden_fence,"ABA
ABA","A: minecraft:planks:5
B: minecraft:stick",minecraft:dark_oak_fence x3,3,2
minecraft:dark_oak_fence_gate,wooden_fence_gate,"ABA
ABA","A: minecraft:stick
B: minecraft:planks:5",minecraft:dark_oak_fence_gate,3,2
minecraft:dark_oak_stairs,wooden_stairs,"A--
AA-
AAA",A: minecraft:planks:5,minecraft:dark_oak_stairs x4,3,3
minecraft:daylight_detector,,"AAA
BBB
CCC","A: ore:blockGlassColorless
B: minecraft:quartz
C: minecraft:wooden_slab | minecraft:wooden_slab:1 | minecraft:wooden_slab:2 | minecraft:wooden_slab:3 | minecraft:wooden_slab:4 | minecraft:wooden_slab:5",minecraft:daylight_detector,3,3
minecraft:detector_rail,,"A-A
ABA
ACA","A: ore:ingotIron
B: minecraft:stone_pressure_plate
C: ore:dustRedstone",minecraft:detector_rail x6,3,3
minecraft:diamond,,A,A: minecraft:diamond_block,minecraft:diamond x9,1,1
minecraft:diamond_axe,,"AA
AB
-B","A: ore:gemDiamond
B: ore:stickWood",minecraft:diamond_axe,2,3
minecraft:diamond_block,,"AAA
AAA
AAA",A: ore:gemDiamond,minecraft:diamond_block,3,3
minecraft:diamond_boots,,"A-A
A-A",A: ore:gemDiamond,minecraft:diamond_boots,3,2
minecraft:diamond_chestplate,,"A-A
AAA
AAA",A: ore:gemDiamond,minecraft:diamond_chestplate,3,3
minecraft:diamond_helmet,,"AAA
A-A",A: ore:gemDiamond,minecraft:diamond_helmet,3,2
minecraft:diamond_hoe,,"AA
-B
-B","A: ore:gemDiamond
B: ore:stickWood",minecraft:diamond_hoe,2,3
minecraft:diamond_leggings,,"AAA
A-A
A-A",A: ore:gemDiamond,minecraft:diamond_leggings,3,3
minecraft:diamond_pickaxe,,"AAA
-B-
-B-","A: ore:gemDiamond
B: ore:stickWood",minecraft:diamond_pickaxe,3,3
minecraft:diamond_shovel,,"A
B
B","A: ore:gemDiamond
B: ore:stickWood",minecraft:diamond_shovel,1,3
minecraft:diamond_sword,,"A
A
B","A: ore:gemDiamond
B: ore:stickWood",minecraft:diamond_sword,1,3
minecraft:coarse_dirt,,"AB
BA","A: minecraft:dirt
B: minecraft:gravel",minecraft:dirt:1 x4,2,2
minecraft:dispenser,,"AAA
ABA
ACA","A: ore:cobblestone
B: minecraft:bow
C: ore:dustRedstone",minecraft:dispenser,3,3
minecraft:dropper,,"AAA
A-A
ABA","A: ore:cobblestone
B: ore:dustRedstone",minecraft:dropper,3,3
minecraft:lapis_lazuli,,A,A: minecraft:lapis_block,minecraft:dye:4 x9,1,1
minecraft:emerald,,A,A: minecraft:emerald_block,minecraft:emerald x9,1,1
minecraft:emerald_block,,"AAA
AAA
AAA",A: ore:gemEmerald,minecraft:emerald_block,3,3
minecraft:enchanting_table,,"-A-
BCB
CCC","A: minecraft:book
B: ore:gemDiamond
C: minecraft:obsidian",minecraft:enchanting_table,3,3
minecraft:end_bricks,,"AA
AA",A: minecraft:end_stone,minecraft:end_bricks x4,2,2
minecraft:end_crystal,,"AAA
ABA
ACA","A: ore:blockGlassColorless
B: minecraft:ender_eye
C: minecraft:ghast_tear",minecraft:end_crystal,3,3
minecraft:end_rod,,"A
B","A: minecraft:blaze_rod
B: minecraft:chorus_fruit_popped",minecraft:end_rod x4,1,2
minecraft:ender_chest,,"AAA
ABA
AAA","A: minecraft:obsidian
B: minecraft:ender_eye",minecraft:ender_chest,3,3
minecraft:fence,wooden_fence,"ABA
ABA","A: minecraft:planks
B: minecraft:stick",minecraft:fence x3,3,2
minecraft:fence_gate,wooden_fence_gate,"ABA
ABA","A: minecraft:stick
B: minecraft:planks",minecraft:fence_gate,3,2
minecraft:fishing_rod,,"--A
-AB
A-B","A: ore:stickWood
B: ore:string",minecraft:fishing_rod,3,3
minecraft:flower_pot,,"A-A
-A-",A: minecraft:brick,minecraft:flower_pot,3,2
minecraft:furnace,,"AAA
A-A
AAA",A: ore:cobblestone,minecraft:furnace,3,3
minecraft:furnace_minecart,,"A
B","A: minecraft:furnace
B: minecraft:minecart",minecraft:furnace_minecart,1,2
minecraft:glass_bottle,,"A-A
-A-",A: ore:blockGlassColorless,minecraft:glass_bottle x3,3,2
minecraft:glass_pane,,"AAA
AAA",A: minecraft:glass,minecraft:glass_pane x16,3,2
minecraft:glowstone,,"AA
AA",A: ore:dustGlowstone,minecraft:glowstone,2,2
minecraft:gold_block,,"AAA
AAA
AAA",A: ore:ingotGold,minecraft:gold_block,3,3
minecraft:gold_ingot_from_nuggets,gold_ingot,"AAA
AAA
AAA",A: minecraft:gold_nugget,minecraft:gold_ingot,3,3
minecraft:gold_ingot_from_block,gold_ingot,A,A: minecraft:gold_block,minecraft:gold_ingot x9,1,1
minecraft:gold_nugget,,A,A: ore:ingotGold,minecraft:gold_nugget x9,1,1
minecraft:golden_apple,,"AAA
ABA
AAA","A: ore:ingotGold
B: minecraft:apple",minecraft:golden_apple,3,3
minecraft:golden_axe,,"AA
AB
-B","A: ore:ingotGold
B: ore:stickWood",minecraft:golden_axe,2,3
minecraft:golden_boots,,"A-A
A-A",A: ore:ingotGold,minecraft:golden_boots,3,2
minecraft:golden_carrot,,"AAA
ABA
AAA","A: minecraft:gold_nugget
B: minecraft:carrot",minecraft:golden_carrot,3,3
minecraft:golden_chestplate,,"A-A
AAA
AAA",A: ore:ingotGold,minecraft:golden_chestplate,3,3
minecraft:golden_helmet,,"AAA
A-A",A: ore:ingotGold,minecraft:golden_helmet,3,2
minecraft:golden_hoe,,"AA
-B
-B","A: ore:ingotGold
B: ore:stickWood",minecraft:golden_hoe,2,3
minecraft:golden_leggings,,"AAA
A-A
A-A",A: ore:ingotGold,minecraft:golden_leggings,3,3
minecraft:golden_pickaxe,,"AAA
-B-
-B-","A: ore:ingotGold
B: ore:stickWood",minecraft:golden_pickaxe,3,3
minecraft:golden_rail,,"A-A
ABA
ACA","A: ore:ingotGold
B: ore:stickWood
C: ore:dustRedstone",minecraft:golden_rail x6,3,3
minecraft:golden_shovel,,"A
B
B","A: ore:ingotGold
B: ore:stickWood",minecraft:golden_shovel,1,3
minecraft:golden_sword,,"A
A
B","A: ore:ingotGold
B: ore:stickWood",minecraft:golden_sword,1,3
minecraft:hay_block,,"AAA
AAA
AAA",A: minecraft:wheat,minecraft:hay_block,3,3
minecraft:heavy_weighted_pressure_plate,,AA,A: ore:ingotIron,minecraft:heavy_weighted_pressure_plate,2,1
minecraft:hopper,,"A-A
ABA
-A-","A: ore:ingotIron
B: ore:chestWood",minecraft:hopper,3,3
minecraft:hopper_minecart,,"A
B","A: minecraft:hopper
B: minecraft:minecart",minecraft:hopper_minecart,1,2
minecraft:iron_axe,,"AA
AB
-B","A: ore:ingotIron
B: ore:stickWood",minecraft:iron_axe,2,3
minecraft:iron_bars,,"AAA
AAA",A: ore:ingotIron,minecraft:iron_bars x16,3,2
minecraft:iron_block,,"AAA
AAA
AAA",A: ore:ingotIron,minecraft:iron_block,3,3
minecraft:iron_boots,,"A-A
A-A",A: ore:ingotIron,minecraft:iron_boots,3,2
minecraft:iron_chestplate,,"A-A
AAA
AAA",A: ore:ingotIron,minecraft:iron_chestplate,3,3
minecraft:iron_door,,"AA
AA
AA",A: ore:ingotIron,minecraft:iron_door x3,2,3
minecraft:iron_helmet,,"AAA
A-A",A: ore:ingotIron,minecraft:iron_helmet,3,2
minecraft:iron_hoe,,"AA
-B
-B","A: ore:ingotIron
B: ore:stickWood",minecraft:iron_hoe,2,3
minecraft:iron_ingot_from_nuggets,iron_ingot,"AAA
AAA
AAA",A: minecraft:iron_nugget,minecraft:iron_ingot,3,3
minecraft:iron_ingot_from_block,iron_ingot,A,A: minecraft:iron_block,minecraft:iron_ingot x9,1,1
minecraft:iron_leggings,,"AAA
A-A
A-A",A: ore:ingotIron,minecraft:iron_leggings,3,3
minecraft:iron_nugget,,A,A: ore:ingotIron,minecraft:iron_nugget x9,1,1
minecraft:iron_pickaxe,,"AAA
-B-
-B-","A: ore:ingotIron
B: ore:stickWood",minecraft:iron_pickaxe,3,3
minecraft:iron_shovel,,"A
B
B","A: ore:ingotIron
B: ore:stickWood",minecraft:iron_shovel,1,3
minecraft:iron_sword,,"A
A
B","A: ore:ingotIron
B: ore:stickWood",minecraft:iron_sword,1,3
minecraft:iron_trapdoor,,"AA
AA",A: ore:ingotIron,minecraft:iron_trapdoor,2,2
minecraft:item_frame,,"AAA
ABA
AAA","A: ore:stickWood
B: ore:leather",minecraft:item_frame,3,3
minecraft:jukebox,,"AAA
ABA
AAA","A: ore:plankWood
B: ore:gemDiamond",minecraft:jukebox,3,3
minecraft:jungle_boat,boat,"A-A
AAA",A: minecraft:planks:3,minecraft:jungle_boat,3,2
minecraft:jungle_door,wooden_door,"AA
AA
AA",A: minecraft:planks:3,minecraft:jungle_door x3,2,3
minecraft:jungle_fence,wooden_fence,"ABA
ABA","A: minecraft:planks:3
B: minecraft:stick",minecraft:jungle_fence x3,3,2
minecraft:jungle_fence_gate,wooden_fence_gate,"ABA
ABA","A: minecraft:stick
B: minecraft:planks:3",minecraft:jungle_fence_gate,3,2
minecraft:jungle_stairs,wooden_stairs,"A--
AA-
AAA",A: minecraft:planks:3,minecraft:jungle_stairs x4,3,3
minecraft:ladder,,"A-A
AAA
A-A",A: ore:stickWood,minecraft:ladder x3,3,3
minecraft:lapis_block,,"AAA
AAA
AAA",A: minecraft:dye:4,minecraft:lapis_block,3,3
minecraft:lead,,"AA-
AB-
--A","A: ore:string
B: ore:slimeball",minecraft:lead x2,3,3
minecraft:leather,,"AA
AA",A: minecraft:rabbit_hide,minecraft:leather,2,2
minecraft:leather_boots,,"A-A
A-A",A: ore:leather,minecraft:leather_boots,3,2
minecraft:leather_chestplate,,"A-A
AAA
AAA",A: ore:leather,minecraft:leather_chestplate,3,3
minecraft:leather_helmet,,"AAA
A-A",A: ore:leather,minecraft:leather_helmet,3,2
minecraft:leather_leggings,,"AAA
A-A
A-A",A: ore:leather,minecraft:leather_leggings,3,3
minecraft:lever,,"A
B","A: ore:stickWood
B: ore:cobblestone",minecraft:lever,1,2
minecraft:light_weighted_pressure_plate,,AA,A: ore:ingotGold,minecraft:light_weighted_pressure_plate,2,1
minecraft:lit_pumpkin,,"A
B","A: minecraft:pumpkin
B: minecraft:torch",minecraft:lit_pumpkin,1,2
minecraft:magma,,"AA
AA",A: minecraft:magma_cream,minecraft:magma,2,2
minecraft:mapextending,,"AAA
A-A
AAA",A: minecraft:paper,minecraft:map,3,3
minecraft:map,,"AAA
ABA
AAA","A: ore:paper
B: minecraft:compass",minecraft:map,3,3
minecraft:melon_block,,"AAA
AAA
AAA",A: minecraft:melon,minecraft:melon_block,3,3
minecraft:melon_seeds,,A,A: minecraft:melon,minecraft:melon_seeds,1,1
minecraft:minecart,,"A-A
AAA",A: ore:ingotIron,minecraft:minecart,3,2
minecraft:nether_brick,,"AA
AA",A: minecraft:netherbrick,minecraft:nether_brick,2,2
minecraft:nether_brick_fence,,"AAA
AAA",A: minecraft:nether_brick,minecraft:nether_brick_fence x6,3,2
minecraft:nether_brick_stairs,,"A--
AA-
AAA",A: minecraft:nether_brick,minecraft:nether_brick_stairs x4,3,3
minecraft:nether_wart_block,,"AAA
AAA
AAA",A: minecraft:nether_wart,minecraft:nether_wart_block,3,3
minecraft:noteblock,,"AAA
ABA
AAA","A: ore:plankWood
B: ore:dustRedstone",minecraft:noteblock,3,3
minecraft:oak_stairs,wooden_stairs,"A--
AA-
AAA",A: minecraft:planks,minecraft:oak_stairs x4,3,3
minecraft:observer,,"AAA
BBC
AAA","A: ore:cobblestone
B: ore:dustRedstone
C: minecraft:quartz",minecraft:observer,3,3
minecraft:painting,,"AAA
ABA
AAA","A: ore:stickWood
B: minecraft:wool | minecraft:wool:1 | minecraft:wool:2 | minecraft:wool:3 | minecraft:wool:4 | minecraft:wool:5 | minecraft:wool:6 | minecraft:wool:7 | minecraft:wool:8 | minecraft:wool:9 | minecraft:wool:10 | minecraft:wool:11 | minecraft:wool:12 | minecraft:wool:13 | minecraft:wool:14 | minecraft:wool:15",minecraft:painting,3,3
minecraft:paper,,AAA,A: ore:sugarcane,minecraft:paper x3,3,1
minecraft:piston,,"AAA
BCB
BDB","A: ore:plankWood
B: ore:cobblestone
C: ore:ingotIron
D: ore:dustRedstone",minecraft:piston,3,3
minecraft:oak_planks,planks,A,A: minecraft:log,minecraft:planks x4,1,1
minecraft:spruce_planks,planks,A,A: minecraft:log:1,minecraft:planks:1 x4,1,1
minecraft:birch_planks,planks,A,A: minecraft:log:2,minecraft:planks:2 x4,1,1
minecraft:jungle_planks,planks,A,A: minecraft:log:3,minecraft:planks:3 x4,1,1
minecraft:acacia_planks,planks,A,A: minecraft:log2,minecraft:planks:4 x4,1,1
minecraft:dark_oak_planks,planks,A,A: minecraft:log2:1,minecraft:planks:5 x4,1,1
minecraft:prismarine,,"AA
AA",A: ore:gemPrismarine,minecraft:prismarine,2,2
minecraft:prismarine_bricks,,"AAA
AAA
AAA",A: ore:gemPrismarine,minecraft:prismarine:1,3,3
minecraft:dark_prismarine,,"AAA
ABA
AAA","A: ore:gemPrismarine
B: ore:dyeBlack",minecraft:prismarine:2,3,3
minecraft:pumpkin_seeds,,A,A: minecraft:pumpkin,minecraft:pumpkin_seeds x4,1,1
minecraft:purple_shulker_box,,"A
B
A","A: minecraft:shulker_shell
B: ore:chestWood",minecraft:purple_shulker_box,1,3
minecraft:purpur_block,,"AA
AA",A: minecraft:chorus_fruit_popped,minecraft:purpur_block x4,2,2
minecraft:purpur_pillar,,"A
A",A: minecraft:purpur_slab,minecraft:purpur_pillar,1,2
minecraft:purpur_slab,,AAA,A: minecraft:purpur_block,minecraft:purpur_slab x6,3,1
minecraft:purpur_stairs,,"A--
AA-
AAA",A: minecraft:purpur_block,minecraft:purpur_stairs x4,3,3
minecraft:quartz_block,,"AA
AA",A: minecraft:quartz,minecraft:quartz_block,2,2
minecraft:chiseled_quartz_block,,"A
A",A: minecraft:stone_slab:7,minecraft:quartz_block:1,1,2
minecraft:pillar_quartz_block,,"A
A",A: minecraft:quartz_block,minecraft:quartz_block:2 x2,1,2
minecraft:quartz_stairs,,"A--
AA-
AAA",A: minecraft:quartz_block | minecraft:quartz_block:1 | minecraft:quartz_block:2,minecraft:quartz_stairs x4,3,3
minecraft:rabbit_stew_from_red_mushroom,rabbit_stew,"-A-
BCD
-E-","A: minecraft:cooked_rabbit
B: minecraft:carrot
C: minecraft:baked_potato
D: minecraft:red_mushroom
E: minecraft:bowl",minecraft:rabbit_stew,3,3
minecraft:rabbit_stew_from_brown_mushroom,rabbit_stew,"-A-
BCD
-E-","A: minecraft:cooked_rabbit
B: minecraft:carrot
C: minecraft:baked_potato
D: minecraft:brown_mushroom
E: minecraft:bowl",minecraft:rabbit_stew,3,3
minecraft:rail,,"A-A
ABA
A-A","A: ore:ingotIron
B: ore:stickWood",minecraft:rail x16,3,3
minecraft:red_nether_brick,,"AB
BA","A: minecraft:netherbrick
B: minecraft:nether_wart",minecraft:red_nether_brick,2,2
minecraft:red_sandstone,,"AA
AA",A: minecraft:sand:1,minecraft:red_sandstone,2,2
minecraft:chiseled_red_sandstone,,"A
A",A: minecraft:stone_slab2,minecraft:red_sandstone:1,1,2
minecraft:smooth_red_sandstone,,"AA
AA",A: minecraft:red_sandstone,minecraft:red_sandstone:2 x4,2,2
minecraft:red_sandstone_stairs,,"A--
AA-
AAA",A: minecraft:red_sandstone | minecraft:red_sandstone:1 | minecraft:red_sandstone:2,minecraft:red_sandstone_stairs x4,3,3
minecraft:redstone,,A,A: minecraft:redstone_block,minecraft:redstone x9,1,1
minecraft:redstone_block,,"AAA
AAA
AAA",A: ore:dustRedstone,minecraft:redstone_block,3,3
minecraft:redstone_lamp,,"-A-
ABA
-A-","A: ore:dustRedstone
B: ore:glowstone",minecraft:redstone_lamp,3,3
minecraft:redstone_torch,,"A
B","A: ore:dustRedstone
B: ore:stickWood",minecraft:redstone_torch,1,2
minecraft:repeater,,"ABA
CCC","A: minecraft:redstone_torch
B: ore:dustRedstone
C: ore:stone",minecraft:repeater,3,2
minecraft:sandstone,,"AA
AA",A: minecraft:sand,minecraft:sandstone,2,2
minecraft:chiseled_sandstone,,"A
A",A: minecraft:stone_slab:1,minecraft:sandstone:1,1,2
minecraft:smooth_sandstone,,"AA
AA",A: minecraft:sandstone,minecraft:sandstone:2 x4,2,2
minecraft:sandstone_stairs,,"A--
AA-
AAA",A: minecraft:sandstone | minecraft:sandstone:1 | minecraft:sandstone:2,minecraft:sandstone_stairs x4,3,3
minecraft:sea_lantern,,"ABA
BBB
ABA","A: ore:gemPrismarine
B: ore:dustPrismarine",minecraft:sea_lantern,3,3
minecraft:shears,,"-A
A-",A: ore:ingotIron,minecraft:shears,2,2
minecraft:shield,,"ABA
AAA
-A-","A: ore:plankWood
B: ore:ingotIron",minecraft:shield,3,3
minecraft:sign,,"AAA
AAA
-B-","A: ore:plankWood
B: ore:stickWood",minecraft:sign x3,3,3
minecraft:slime,,"AAA
AAA
AAA",A: ore:slimeball,minecraft:slime,3,3
minecraft:slime_ball,,A,A: minecraft:slime,minecraft:slime_ball x9,1,1
minecraft:snow,,"AA
AA",A: minecraft:snowball,minecraft:snow,2,2
minecraft:snow_layer,,AAA,A: minecraft:snow,minecraft:snow_layer x6,3,1
minecraft:speckled_melon,,"AAA
ABA
AAA","A: minecraft:gold_nugget
B: minecraft:melon",minecraft:speckled_melon,3,3
minecraft:spectral_arrow,,"-A-
ABA
-A-","A: ore:dustGlowstone
B: minecraft:arrow",minecraft:spectral_arrow x2,3,3
minecraft:spruce_boat,boat,"A-A
AAA",A: minecraft:planks:1,minecraft:spruce_boat,3,2
minecraft:spruce_door,wooden_door,"AA
AA
AA",A: minecraft:planks:1,minecraft:spruce_door x3,2,3
minecraft:spruce_fence,wooden_fence,"ABA
ABA","A: minecraft:planks:1
B: minecraft:stick",minecraft:spruce_fence x3,3,2
minecraft:spruce_fence_gate,wooden_fence_gate,"ABA
ABA","A: minecraft:stick
B: minecraft:planks:1",minecraft:spruce_fence_gate,3,2
minecraft:spruce_stairs,wooden_stairs,"A--
AA-
AAA",A: minecraft:planks:1,minecraft:spruce_stairs x4,3,3
minecraft:white_stained_glass,stained_glass,"AAA
ABA
AAA","A: ore:blockGlassColorless
B: ore:dyeWhite",minecraft:stained_glass x8,3,3
minecraft:orange_stained_glass,stained_glass,"AAA
ABA
AAA","A: ore:blockGlassColorless
B: ore:dyeOrange",minecraft:stained_glass:1 x8,3,3
minecraft:purple_stained_glass,stained_glass,"AAA
ABA
AAA","A: ore:blockGlassColorless
B: ore:dyePurple",minecraft:stained_glass:10 x8,3,3
minecraft:blue_stained_glass,stained_glass,"AAA
ABA
AAA","A: ore:blockGlassColorless
B: ore:dyeBlue",minecraft:stained_glass:11 x8,3,3
minecraft:brown_stained_glass,stained_glass,"AAA
ABA
AAA","A: ore:blockGlassColorless
B: ore:dyeBrown",minecraft:stained_glass:12 x8,3,3
minecraft:green_stained_glass,stained_glass,"AAA
ABA
AAA","A: ore:blockGlassColorless
B: ore:dyeGreen",minecraft:stained_glass:13 x8,3,3
minecraft:red_stained_glass,stained_glass,"AAA
ABA
AAA","A: ore:blockGlassColorless
B: ore:dyeRed",minecraft:stained_glass:14 x8,3,3
minecraft:black_stained_glass,stained_glass,"AAA
ABA
AAA","A: ore:blockGlassColorless
B: ore:dyeBlack",minecraft:stained_glass:15 x8,3,3
minecraft:magenta_stained_glass,stained_glass,"AAA
ABA
AAA","A: ore:blockGlassColorless
B: ore:dyeMagenta",minecraft:stained_glass:2 x8,3,3
minecraft:light_blue_stained_glass,stained_glass,"AAA
ABA
AAA","A: ore:blockGlassColorless
B: ore:dyeLightBlue",minecraft:stained_glass:3 x8,3,3
minecraft:yellow_stained_glass,stained_glass,"AAA
ABA
AAA","A: ore:blockGlassColorless
B: ore:dyeYellow",minecraft:stained_glass:4 x8,3,3
minecraft:lime_stained_glass,stained_glass,"AAA
ABA
AAA","A: ore:blockGlassColorless
B: ore:dyeLime",minecraft:stained_glass:5 x8,3,3
minecraft:pink_stained_glass,stained_glass,"AAA
ABA
AAA","A: ore:blockGlassColorless
B: ore:dyePink",minecraft:stained_glass:6 x8,3,3
minecraft:gray_stained_glass,stained_glass,"AAA
ABA
AAA","A: ore:blockGlassColorless
B: ore:dyeGray",minecraft:stained_glass:7 x8,3,3
minecraft:light_gray_stained_glass,stained_glass,"AAA
ABA
AAA","A: ore:blockGlassColorless
B: ore:dyeLightGray",minecraft:stained_glass:8 x8,3,3
minecraft:cyan_stained_glass,stained_glass,"AAA
ABA
AAA","A: ore:blockGlassColorless
B: ore:dyeCyan",minecraft:stained_glass:9 x8,3,3
minecraft:white_stained_glass_pane,stained_glass_pane,"AAA
AAA",A: ore:blockGlassWhite,minecraft:stained_glass_pane x16,3,2
minecraft:orange_stained_glass_pane,stained_glass_pane,"AAA
AAA",A: ore:blockGlassOrange,minecraft:stained_glass_pane:1 x16,3,2
minecraft:purple_stained_glass_pane,stained_glass_pane,"AAA
AAA",A: ore:blockGlassPurple,minecraft:stained_glass_pane:10 x16,3,2
minecraft:blue_stained_glass_pane,stained_glass_pane,"AAA
AAA",A: ore:blockGlassBlue,minecraft:stained_glass_pane:11 x16,3,2
minecraft:brown_stained_glass_pane,stained_glass_pane,"AAA
AAA",A: ore:blockGlassBrown,minecraft:stained_glass_pane:12 x16,3,2
minecraft:green_stained_glass_pane,stained_glass_pane,"AAA
AAA",A: ore:blockGlassGreen,minecraft:stained_glass_pane:13 x16,3,2
minecraft:red_stained_glass_pane,stained_glass_pane,"AAA
AAA",A: ore:blockGlassRed,minecraft:stained_glass_pane:14 x16,3,2
minecraft:black_stained_glass_pane,stained_glass_pane,"AAA
AAA",A: ore:blockGlassBlack,minecraft:stained_glass_pane:15 x16,3,2
minecraft:magenta_stained_glass_pane,stained_glass_pane,"AAA
AAA",A: ore:blockGlassMagenta,minecraft:stained_glass_pane:2 x16,3,2
minecraft:light_blue_stained_glass_pane,stained_glass_pane,"AAA
AAA",A: ore:blockGlassLightBlue,minecraft:stained_glass_pane:3 x16,3,2
minecraft:yellow_stained_glass_pane,stained_glass_pane,"AAA
AAA",A: ore:blockGlassYellow,minecraft:stained_glass_pane:4 x16,3,2
minecraft:lime_stained_glass_pane,stained_glass_pane,"AAA
AAA",A: ore:blockGlassLime,minecraft:stained_glass_pane:5 x16,3,2
minecraft:pink_stained_glass_pane,stained_glass_pane,"AAA
AAA",A: ore:blockGlassPink,minecraft:stained_glass_pane:6 x16,3,2
minecraft:gray_stained_glass_pane,stained_glass_pane,"AAA
AAA",A: ore:blockGlassGray,minecraft:stained_glass_pane:7 x16,3,2
minecraft:light_gray_stained_glass_pane,stained_glass_pane,"AAA
AAA",A: ore:blockGlassLightGray,minecraft:stained_glass_pane:8 x16,3,2
minecraft:cyan_stained_glass_pane,stained_glass_pane,"AAA
AAA",A: ore:blockGlassCyan,minecraft:stained_glass_pane:9 x16,3,2
minecraft:white_stained_hardened_clay,stained_hardened_clay,"AAA
ABA
AAA","A: minecraft:hardened_clay
B: ore:dyeWhite",minecraft:stained_hardened_clay x8,3,3
minecraft:orange_stained_hardened_clay,stained_hardened_clay,"AAA
ABA
AAA","A: minecraft:hardened_clay
B: ore:dyeOrange",minecraft:stained_hardened_clay:1 x8,3,3
minecraft:purple_stained_hardened_clay,stained_hardened_clay,"AAA
ABA
AAA","A: minecraft:hardened_clay
B: ore:dyePurple",minecraft:stained_hardened_clay:10 x8,3,3
minecraft:blue_stained_hardened_clay,stained_hardened_clay,"AAA
ABA
AAA","A: minecraft:hardened_clay
B: ore:dyeBlue",minecraft:stained_hardened_clay:11 x8,3,3
minecraft:brown_stained_hardened_clay,stained_hardened_clay,"AAA
ABA
AAA","A: minecraft:hardened_clay
B: ore:dyeBrown",minecraft:stained_hardened_clay:12 x8,3,3
minecraft:green_stained_hardened_clay,stained_hardened_clay,"AAA
ABA
AAA","A: minecraft:hardened_clay
B: ore:dyeGreen",minecraft:stained_hardened_clay:13 x8,3,3
minecraft:red_stained_hardened_clay,stained_hardened_clay,"AAA
ABA
AAA","A: minecraft:hardened_clay
B: ore:dyeRed",minecraft:stained_hardened_clay:14 x8,3,3
minecraft:black_stained_hardened_clay,stained_hardened_clay,"AAA
ABA
AAA","A: minecraft:hardened_clay
B: ore:dyeBlack",minecraft:stained_hardened_clay:15 x8,3,3
minecraft:magenta_stained_hardened_clay,stained_hardened_clay,"AAA
ABA
AAA","A: minecraft:hardened_clay
B: ore:dyeMagenta",minecraft:stained_hardened_clay:2 x8,3,3
minecraft:light_blue_stained_hardened_clay,stained_hardened_clay,"AAA
ABA
AAA","A: minecraft:hardened_clay
B: ore:dyeLightBlue",minecraft:stained_hardened_clay:3 x8,3,3
minecraft:yellow_stained_hardened_clay,stained_hardened_clay,"AAA
ABA
AAA","A: minecraft:hardened_clay
B: ore:dyeYellow",minecraft:stained_hardened_clay:4 x8,3,3
minecraft:lime_stained_hardened_clay,stained_hardened_clay,"AAA
ABA
AAA","A: minecraft:hardened_clay
B: ore:dyeLime",minecraft:stained_hardened_clay:5 x8,3,3
minecraft:pink_stained_hardened_clay,stained_hardened_clay,"AAA
ABA
AAA","A: minecraft:hardened_clay
B: ore:dyePink",minecraft:stained_hardened_clay:6 x8,3,3
minecraft:gray_stained_hardened_clay,stained_hardened_clay,"AAA
ABA
AAA","A: minecraft:hardened_clay
B: ore:dyeGray",minecraft:stained_hardened_clay:7 x8,3,3
minecraft:light_gray_stained_hardened_clay,stained_hardened_clay,"AAA
ABA
AAA","A: minecraft:hardened_clay
B: ore:dyeLightGray",minecraft:stained_hardened_clay:8 x8,3,3
minecraft:cyan_stained_hardened_clay,stained_hardened_clay,"AAA
ABA
AAA","A: minecraft:hardened_clay
B: ore:dyeCyan",minecraft:stained_hardened_clay:9 x8,3,3
minecraft:stick,,"A
A",A: ore:plankWood,minecraft:stick x4,1,2
minecraft:sticky_piston,,"A
B","A: ore:slimeball
B: minecraft:piston",minecraft:sticky_piston,1,2
minecraft:polished_granite,,"AA
AA",A: ore:stoneGranite,minecraft:stone:2 x4,2,2
minecraft:diorite,,"AB
BA","A: ore:cobblestone
B: minecraft:quartz",minecraft:stone:3 x2,2,2
minecraft:polished_diorite,,"AA
AA",A: ore:stoneDiorite,minecraft:stone:4 x4,2,2
minecraft:polished_andesite,,"AA
AA",A: ore:stoneAndesite,minecraft:stone:6 x4,2,2
minecraft:stone_axe,,"AA
AB
-B","A: ore:cobblestone
B: ore:stickWood",minecraft:stone_axe,2,3
minecraft:stone_brick_stairs,,"A--
AA-
AAA",A: minecraft:stonebrick | minecraft:stonebrick:1 | minecraft:stonebrick:2 | minecraft:stonebrick:3,minecraft:stone_brick_stairs x4,3,3
minecraft:stone_button,,A,A: ore:stone,minecraft:stone_button,1,1
minecraft:stone_hoe,,"AA
-B
-B","A: ore:cobblestone
B: ore:stickWood",minecraft:stone_hoe,2,3
minecraft:stone_pickaxe,,"AAA
-B-
-B-","A: ore:cobblestone
B: ore:stickWood",minecraft:stone_pickaxe,3,3
minecraft:stone_pressure_plate,,AA,A: ore:stone,minecraft:stone_pressure_plate,2,1
minecraft:stone_shovel,,"A
B
B","A: ore:cobblestone
B: ore:stickWood",minecraft:stone_shovel,1,3
minecraft:stone_slab,,AAA,A: minecraft:stone,minecraft:stone_slab x6,3,1
minecraft:red_sandstone_slab,,AAA,A: minecraft:red_sandstone | minecraft:red_sandstone:1 | minecraft:red_sandstone:2,minecraft:stone_slab2 x6,3,1
minecraft:sandstone_slab,,AAA,A: minecraft:sandstone | minecraft:sandstone:1 | minecraft:sandstone:2,minecraft:stone_slab:1 x6,3,1
minecraft:cobblestone_slab,,AAA,A: minecraft:cobblestone,minecraft:stone_slab:3 x6,3,1
minecraft:brick_slab,,AAA,A: minecraft:brick_block,minecraft:stone_slab:4 x6,3,1
minecraft:stone_brick_slab,,AAA,A: minecraft:stonebrick | minecraft:stonebrick:1 | minecraft:stonebrick:2 | minecraft:stonebrick:3,minecraft:stone_slab:5 x6,3,1
minecraft:nether_brick_slab,,AAA,A: minecraft:nether_brick,minecraft:stone_slab:6 x6,3,1
minecraft:quartz_slab,,AAA,A: minecraft:quartz_block | minecraft:quartz_block:1 | minecraft:quartz_block:2,minecraft:stone_slab:7 x6,3,1
minecraft:stone_stairs,,"A--
AA-
AAA",A: minecraft:cobblestone,minecraft:stone_stairs x4,3,3
minecraft:stone_sword,,"A
A
B","A: ore:cobblestone
B: ore:stickWood",minecraft:stone_sword,1,3
minecraft:stonebrick,,"AA
AA",A: minecraft:stone,minecraft:stonebrick x4,2,2
minecraft:chiseled_stonebrick,,"A
A",A: minecraft:stone_slab:5,minecraft:stonebrick:3,1,2
minecraft:sugar,,A,A: ore:sugarcane,minecraft:sugar,1,1
minecraft:tnt,,"ABA
BAB
ABA","A: ore:gunpowder
B: minecraft:sand | minecraft:sand:1",minecraft:tnt,3,3
minecraft:tnt_minecart,,"A
B","A: minecraft:tnt
B: minecraft:minecart",minecraft:tnt_minecart,1,2
minecraft:torch,,"A
B","A: minecraft:coal | minecraft:coal:1
B: ore:stickWood",minecraft:torch x4,1,2
minecraft:trapdoor,,"AAA
AAA",A: ore:plankWood,minecraft:trapdoor x2,3,2
minecraft:tripwire_hook,,"A
B
C","A: ore:ingotIron
B: ore:stickWood
C: ore:plankWood",minecraft:tripwire_hook x2,1,3
minecraft:wheat,,A,A: minecraft:hay_block,minecraft:wheat x9,1,1
minecraft:wooden_axe,,"AA
AB
-B","A: ore:plankWood
B: ore:stickWood",minecraft:wooden_axe,2,3
minecraft:wooden_button,,A,A: ore:plankWood,minecraft:wooden_button,1,1
minecraft:wooden_door,wooden_door,"AA
AA
AA",A: minecraft:planks,minecraft:wooden_door x3,2,3
minecraft:wooden_hoe,,"AA
-B
-B","A: ore:plankWood
B: ore:stickWood",minecraft:wooden_hoe,2,3
minecraft:wooden_pickaxe,,"AAA
-B-
-B-","A: ore:plankWood
B: ore:stickWood",minecraft:wooden_pickaxe,3,3
minecraft:wooden_pressure_plate,,AA,A: ore:plankWood,minecraft:wooden_pressure_plate,2,1
minecraft:wooden_shovel,,"A
B
B","A: ore:plankWood
B: ore:stickWood",minecraft:wooden_shovel,1,3
minecraft:oak_wooden_slab,wooden_slab,AAA,A: minecraft:planks,minecraft:wooden_slab x6,3,1
minecraft:spruce_wooden_slab,wooden_slab,AAA,A: minecraft:planks:1,minecraft:wooden_slab:1 x6,3,1
minecraft:birch_wooden_slab,wooden_slab,AAA,A: minecraft:planks:2,minecraft:wooden_slab:2 x6,3,1
minecraft:jungle_wooden_slab,wooden_slab,AAA,A: minecraft:planks:3,minecraft:wooden_slab:3 x6,3,1
minecraft:acacia_wooden_slab,wooden_slab,AAA,A: minecraft:planks:4,minecraft:wooden_slab:4 x6,3,1
minecraft:dark_oak_wooden_slab,wooden_slab,AAA,A: minecraft:planks:5,minecraft:wooden_slab:5 x6,3,1
minecraft:wooden_sword,,"A
A
B","A: ore:plankWood
B: ore:stickWood",minecraft:wooden_sword,1,3
minecraft:string_to_wool,,"AA
AA",A: ore:string,minecraft:wool,2,2