Input,Output,XP
minecraft:potato:*,minecraft:baked_potato,0.35
minecraft:stained_hardened_clay:15,minecraft:black_glazed_terracotta,0.1
minecraft:stained_hardened_clay:11,minecraft:blue_glazed_terracotta,0.1
minecraft:clay_ball:*,minecraft:brick,0.3
minecraft:stained_hardened_clay:12,minecraft:brown_glazed_terracotta,0.1
minecraft:chorus_fruit:*,minecraft:chorus_fruit_popped,0.1
minecraft:coal_ore:*,minecraft:coal,0.1
minecraft:log2:*,minecraft:coal:1,0.15
minecraft:log:*,minecraft:coal:1,0.15
minecraft:beef:*,minecraft:cooked_beef,0.35
minecraft:chicken:*,minecraft:cooked_chicken,0.35
minecraft:fish,minecraft:cooked_fish,0.35
minecraft:fish:1,minecraft:cooked_fish:1,0.35
minecraft:mutton:*,minecraft:cooked_mutton,0.35
minecraft:porkchop:*,minecraft:cooked_porkchop,0.35
minecraft:rabbit:*,minecraft:cooked_rabbit,0.35
minecraft:stained_hardened_clay:9,minecraft:cyan_glazed_terracotta,0.1
minecraft:diamond_ore:*,minecraft:diamond,1.0
minecraft:cactus:*,minecraft:dye:2,0.2
minecraft:lapis_ore:*,minecraft:dye:4,0.2
minecraft:emerald_ore:*,minecraft:emerald,1.0
minecraft:sand:*,minecraft:glass,0.1
minecraft:gold_ore:*,minecraft:gold_ingot,1.0
minecraft:golden_shovel:*,minecraft:gold_nugget,0.1
minecraft:golden_boots:*,minecraft:gold_nugget,0.1
minecraft:golden_hoe:*,minecraft:gold_nugget,0.1
minecraft:golden_horse_armor:*,minecraft:gold_nugget,0.1
minecraft:golden_pickaxe:*,minecraft:gold_nugget,0.1
minecraft:golden_sword:*,minecraft:gold_nugget,0.1
minecraft:golden_chestplate:*,minecraft:gold_nugget,0.1
minecraft:golden_leggings:*,minecraft:gold_nugget,0.1
minecraft:golden_helmet:*,minecraft:gold_nugget,0.1
minecraft:golden_axe:*,minecraft:gold_nugget,0.1
minecraft:stained_hardened_clay:7,minecraft:gray_glazed_terracotta,0.1
minecraft:stained_hardened_clay:13,minecraft:green_glazed_terracotta,0.1
minecraft:clay:*,minecraft:hardened_clay,0.35
minecraft:iron_ore:*,minecraft:iron_ingot,0.7
minecraft:iron_sword:*,minecraft:iron_nugget,0.1
minecraft:chainmail_chestplate:*,minecraft:iron_nugget,0.1
minecraft:iron_horse_armor:*,minecraft:iron_nugget,0.1
minecraft:chainmail_boots:*,minecraft:iron_nugget,0.1
minecraft:chainmail_helmet:*,minecraft:iron_nugget,0.1
minecraft:iron_leggings:*,minecraft:iron_nugget,0.1
minecraft:iron_pickaxe:*,minecraft:iron_nugget,0.1
minecraft:chainmail_leggings:*,minecraft:iron_nugget,0.1
minecraft:iron_helmet:*,minecraft:iron_nugget,0.1
minecraft:iron_shovel:*,minecraft:iron_nugget,0.1
minecraft:iron_hoe:*,minecraft:iron_nugget,0.1
minecraft:iron_boots:*,minecraft:iron_nugget,0.1
minecraft:iron_axe:*,minecraft:iron_nugget,0.1
minecraft:iron_chestplate:*,minecraft:iron_nugget,0.1
minecraft:stained_hardened_clay:3,minecraft:light_blue_glazed_terracotta,0.1
minecraft:stained_hardened_clay:5,minecraft:lime_glazed_terracotta,0.1
minecraft:stained_hardened_clay:2,minecraft:magenta_glazed_terracotta,0.1
minecraft:netherrack:*,minecraft:netherbrick,0.1
minecraft:stained_hardened_clay:1,minecraft:orange_glazed_terracotta,0.1
minecraft:stained_hardened_clay:6,minecraft:pink_glazed_terracotta,0.1
minecraft:stained_hardened_clay:10,minecraft:purple_glazed_terracotta,0.1
minecraft:quartz_ore:*,minecraft:quartz,0.2
minecraft:stained_hardened_clay:14,minecraft:red_glazed_terracotta,0.1
minecraft:redstone_ore:*,minecraft:redstone,0.7
minecraft:stained_hardened_clay:8,minecraft:silver_glazed_terracotta,0.1
minecraft:sponge:1,minecraft:sponge,0.15
minecraft:cobblestone:*,minecraft:stone,0.1
minecraft:stonebrick,minecraft:stonebrick:2,0.1
minecraft:stained_hardened_clay,minecraft:white_glazed_terracotta,0.1
minecraft:stained_hardened_clay:4,minecraft:yellow_glazed_terracotta,0.1