ID,Class Name,Is Tickable
minecraft:banner,net.minecraft.tileentity.TileEntityBanner,-
minecraft:beacon,net.minecraft.tileentity.TileEntityBeacon,+
minecraft:bed,net.minecraft.tileentity.TileEntityBed,-
minecraft:brewing_stand,net.minecraft.tileentity.TileEntityBrewingStand,+
minecraft:chest,net.minecraft.tileentity.TileEntityChest,+
minecraft:command_block,net.minecraft.tileentity.TileEntityCommandBlock,-
minecraft:comparator,net.minecraft.tileentity.TileEntityComparator,-
minecraft:daylight_detector,net.minecraft.tileentity.TileEntityDaylightDetector,+
minecraft:dispenser,net.minecraft.tileentity.TileEntityDispenser,-
minecraft:dropper,net.minecraft.tileentity.TileEntityDropper,-
minecraft:enchanting_table,net.minecraft.tileentity.TileEntityEnchantmentTable,+
minecraft:end_gateway,net.minecraft.tileentity.TileEntityEndGateway,+
minecraft:end_portal,net.minecraft.tileentity.TileEntityEndPortal,-
minecraft:ender_chest,net.minecraft.tileentity.TileEntityEnderChest,+
minecraft:flower_pot,net.minecraft.tileentity.TileEntityFlowerPot,-
minecraft:furnace,net.minecraft.tileentity.TileEntityFurnace,+
minecraft:hopper,net.minecraft.tileentity.TileEntityHopper,+
minecraft:jukebox,net.minecraft.block.BlockJukebox$TileEntityJukebox,-
minecraft:mob_spawner,net.minecraft.tileentity.TileEntityMobSpawner,+
minecraft:noteblock,net.minecraft.tileentity.TileEntityNote,-
minecraft:piston,net.minecraft.tileentity.TileEntityPiston,+
minecraft:shulker_box,net.minecraft.tileentity.TileEntityShulkerBox,+
minecraft:sign,net.minecraft.tileentity.TileEntitySign,-
minecraft:skull,net.minecraft.tileentity.TileEntitySkull,+
minecraft:structure_block,net.minecraft.tileentity.TileEntityStructure,-