Registry Name,ID,Name,Temperature,Rainfall,Spawn Chance,Root Height,Height Variation,Types,Class
minecraft:ocean,0,Ocean,0.5,0.5,0.1,-1.0,0.1,"OCEAN, WATER",net.minecraft.world.biome.BiomeOcean
minecraft:plains,1,Plains,0.8,0.4,0.1,0.125,0.05,PLAINS,net.minecraft.world.biome.BiomePlains
minecraft:desert,2,Desert,2.0,0.0,0.1,0.125,0.05,"SANDY, HOT, DRY",net.minecraft.world.biome.BiomeDesert
minecraft:extreme_hills,3,Extreme Hills,0.2,0.3,0.1,1.0,0.5,"MOUNTAIN, HILLS",net.minecraft.world.biome.BiomeHills
minecraft:forest,4,Forest,0.7,0.8,0.1,0.1,0.2,FOREST,net.minecraft.world.biome.BiomeForest
minecraft:taiga,5,Taiga,0.25,0.8,0.1,0.2,0.2,"FOREST, CONIFEROUS, COLD",net.minecraft.world.biome.BiomeTaiga
minecraft:swampland,6,Swampland,0.8,0.9,0.1,-0.2,0.1,"WET, SWAMP",net.minecraft.world.biome.BiomeSwamp
minecraft:river,7,River,0.5,0.5,0.1,-0.5,0.0,"WATER, RIVER",net.minecraft.world.biome.BiomeRiver
minecraft:hell,8,Hell,2.0,0.0,0.1,0.1,0.2,"HOT, NETHER, DRY",net.minecraft.world.biome.BiomeHell
minecraft:sky,9,The End,0.5,0.5,0.1,0.1,0.2,"END, DRY, COLD",net.minecraft.world.biome.BiomeEnd
minecraft:frozen_ocean,10,FrozenOcean,0.0,0.5,0.1,-1.0,0.1,"OCEAN, WATER, SNOWY, COLD",net.minecraft.world.biome.BiomeOcean
minecraft:frozen_river,11,FrozenRiver,0.0,0.5,0.1,-0.5,0.0,"WATER, SNOWY, RIVER, COLD",net.minecraft.world.biome.BiomeRiver
minecraft:ice_flats,12,Ice Plains,0.0,0.5,0.07,0.125,0.05,"WASTELAND, SNOWY, COLD",net.minecraft.world.biome.BiomeSnow
minecraft:ice_mountains,13,Ice Mountains,0.0,0.5,0.07,0.45,0.3,"MOUNTAIN, SNOWY, COLD",net.minecraft.world.biome.BiomeSnow
minecraft:mushroom_island,14,MushroomIsland,0.9,1.0,0.1,0.2,0.3,"MUSHROOM, RARE",net.minecraft.world.biome.BiomeMushroomIsland
minecraft:mushroom_island_shore,15,MushroomIslandShore,0.9,1.0,0.1,0.0,0.025,"MUSHROOM, RARE, BEACH",net.minecraft.world.biome.BiomeMushroomIsland
minecraft:beaches,16,Beach,0.8,0.4,0.1,0.0,0.025,BEACH,net.minecraft.world.biome.BiomeBeach
minecraft:desert_hills,17,DesertHills,2.0,0.0,0.1,0.45,0.3,"SANDY, HOT, HILLS, DRY",net.minecraft.world.biome.BiomeDesert
minecraft:forest_hills,18,ForestHills,0.7,0.8,0.1,0.45,0.3,"FOREST, HILLS",net.minecraft.world.biome.BiomeForest
minecraft:taiga_hills,19,TaigaHills,0.25,0.8,0.1,0.45,0.3,"FOREST, HILLS, CONIFEROUS, COLD",net.minecraft.world.biome.BiomeTaiga
minecraft:smaller_extreme_hills,20,Extreme Hills Edge,0.2,0.3,0.1,0.8,0.3,MOUNTAIN,net.minecraft.world.biome.BiomeHills
minecraft:jungle,21,Jungle,0.95,0.9,0.1,0.1,0.2,"WET, DENSE, HOT, JUNGLE",net.minecraft.world.biome.BiomeJungle
minecraft:jungle_hills,22,JungleHills,0.95,0.9,0.1,0.45,0.3,"WET, DENSE, HOT, JUNGLE, HILLS",net.minecraft.world.biome.BiomeJungle
minecraft:jungle_edge,23,JungleEdge,0.95,0.8,0.1,0.1,0.2,"WET, HOT, FOREST, JUNGLE, RARE",net.minecraft.world.biome.BiomeJungle
minecraft:deep_ocean,24,Deep Ocean,0.5,0.5,0.1,-1.8,0.1,"OCEAN, WATER",net.minecraft.world.biome.BiomeOcean
minecraft:stone_beach,25,Stone Beach,0.2,0.3,0.1,0.1,0.8,BEACH,net.minecraft.world.biome.BiomeStoneBeach
minecraft:cold_beach,26,Cold Beach,0.05,0.3,0.1,0.0,0.025,"SNOWY, BEACH, COLD",net.minecraft.world.biome.BiomeBeach
minecraft:birch_forest,27,Birch Forest,0.6,0.6,0.1,0.1,0.2,FOREST,net.minecraft.world.biome.BiomeForest
minecraft:birch_forest_hills,28,Birch Forest Hills,0.6,0.6,0.1,0.45,0.3,"FOREST, HILLS",net.minecraft.world.biome.BiomeForest
minecraft:roofed_forest,29,Roofed Forest,0.7,0.8,0.1,0.1,0.2,"DENSE, FOREST, SPOOKY",net.minecraft.world.biome.BiomeForest
minecraft:taiga_cold,30,Cold Taiga,-0.5,0.4,0.1,0.2,0.2,"FOREST, SNOWY, CONIFEROUS, COLD",net.minecraft.world.biome.BiomeTaiga
minecraft:taiga_cold_hills,31,Cold Taiga Hills,-0.5,0.4,0.1,0.45,0.3,"FOREST, SNOWY, HILLS, CONIFEROUS, COLD",net.minecraft.world.biome.BiomeTaiga
minecraft:redwood_taiga,32,Mega Taiga,0.3,0.8,0.1,0.2,0.2,"FOREST, CONIFEROUS, COLD",net.minecraft.world.biome.BiomeTaiga
minecraft:redwood_taiga_hills,33,Mega Taiga Hills,0.3,0.8,0.1,0.45,0.3,"FOREST, HILLS, CONIFEROUS, COLD",net.minecraft.world.biome.BiomeTaiga
minecraft:extreme_hills_with_trees,34,Extreme Hills+,0.2,0.3,0.1,1.0,0.5,"MOUNTAIN, FOREST, SPARSE",net.minecraft.world.biome.BiomeHills
minecraft:savanna,35,Savanna,1.2,0.0,0.1,0.125,0.05,"PLAINS, HOT, SAVANNA, SPARSE",net.minecraft.world.biome.BiomeSavanna
minecraft:savanna_rock,36,Savanna Plateau,1.0,0.0,0.1,1.5,0.025,"PLAINS, HOT, RARE, SAVANNA, SPARSE",net.minecraft.world.biome.BiomeSavanna
minecraft:mesa,37,Mesa,2.0,0.0,0.1,0.1,0.2,"SANDY, MESA, DRY",net.minecraft.world.biome.BiomeMesa
minecraft:mesa_rock,38,Mesa Plateau F,2.0,0.0,0.1,1.5,0.025,"SANDY, MESA, DRY, SPARSE",net.minecraft.world.biome.BiomeMesa
minecraft:mesa_clear_rock,39,Mesa Plateau,2.0,0.0,0.1,1.5,0.025,"SANDY, MESA, DRY",net.minecraft.world.biome.BiomeMesa
minecraft:void,127,The Void,0.5,0.5,0.1,0.1,0.2,VOID,net.minecraft.world.biome.BiomeVoid
minecraft:mutated_plains,129,Sunflower Plains,0.8,0.4,0.1,0.125,0.05,"PLAINS, RARE",net.minecraft.world.biome.BiomePlains
minecraft:mutated_desert,130,Desert M,2.0,0.0,0.1,0.225,0.25,"SANDY, HOT, RARE, DRY",net.minecraft.world.biome.BiomeDesert
minecraft:mutated_extreme_hills,131,Extreme Hills M,0.2,0.3,0.1,1.0,0.5,"MOUNTAIN, RARE, SPARSE",net.minecraft.world.biome.BiomeHills
minecraft:mutated_forest,132,Flower Forest,0.7,0.8,0.1,0.1,0.4,"FOREST, RARE, HILLS",net.minecraft.world.biome.BiomeForest
minecraft:mutated_taiga,133,Taiga M,0.25,0.8,0.1,0.3,0.4,"MOUNTAIN, FOREST, RARE, CONIFEROUS, COLD",net.minecraft.world.biome.BiomeTaiga
minecraft:mutated_swampland,134,Swampland M,0.8,0.9,0.1,-0.1,0.3,"WET, RARE, HILLS, SWAMP",net.minecraft.world.biome.BiomeSwamp
minecraft:mutated_ice_flats,140,Ice Plains Spikes,0.0,0.5,0.07,0.425,0.45000002,"SNOWY, RARE, HILLS, COLD",net.minecraft.world.biome.BiomeSnow
minecraft:mutated_jungle,149,Jungle M,0.95,0.9,0.1,0.2,0.4,"WET, DENSE, MOUNTAIN, HOT, JUNGLE, RARE",net.minecraft.world.biome.BiomeJungle
minecraft:mutated_jungle_edge,151,JungleEdge M,0.95,0.8,0.1,0.2,0.4,"HOT, JUNGLE, RARE, HILLS, SPARSE",net.minecraft.world.biome.BiomeJungle
minecraft:mutated_birch_forest,155,Birch Forest M,0.6,0.6,0.1,0.2,0.4,"DENSE, FOREST, RARE, HILLS",net.minecraft.world.biome.BiomeForestMutated
minecraft:mutated_birch_forest_hills,156,Birch Forest Hills M,0.6,0.6,0.1,0.55,0.5,"DENSE, MOUNTAIN, FOREST, RARE",net.minecraft.world.biome.BiomeForestMutated
minecraft:mutated_roofed_forest,157,Roofed Forest M,0.7,0.8,0.1,0.2,0.4,"DENSE, MOUNTAIN, FOREST, SPOOKY, RARE",net.minecraft.world.biome.BiomeForest
minecraft:mutated_taiga_cold,158,Cold Taiga M,-0.5,0.4,0.1,0.3,0.4,"MOUNTAIN, FOREST, SNOWY, RARE, CONIFEROUS, COLD",net.minecraft.world.biome.BiomeTaiga
minecraft:mutated_redwood_taiga,160,Mega Spruce Taiga,0.25,0.8,0.1,0.2,0.2,"DENSE, FOREST, RARE",net.minecraft.world.biome.BiomeTaiga
minecraft:mutated_redwood_taiga_hills,161,Redwood Taiga Hills M,0.25,0.8,0.1,0.2,0.2,"DENSE, FOREST, RARE, HILLS",net.minecraft.world.biome.BiomeTaiga
minecraft:mutated_extreme_hills_with_trees,162,Extreme Hills+ M,0.2,0.3,0.1,1.0,0.5,"MOUNTAIN, RARE, SPARSE",net.minecraft.world.biome.BiomeHills
minecraft:mutated_savanna,163,Savanna M,1.1,0.0,0.1,0.3625,1.225,"MOUNTAIN, HOT, RARE, DRY, SPARSE, SAVANNA",net.minecraft.world.biome.BiomeSavannaMutated
minecraft:mutated_savanna_rock,164,Savanna Plateau M,1.0,0.0,0.1,1.05,1.2125001,"HOT, RARE, HILLS, DRY, SPARSE, SAVANNA",net.minecraft.world.biome.BiomeSavannaMutated
minecraft:mutated_mesa,165,Mesa (Bryce),2.0,0.0,0.1,0.1,0.2,"MOUNTAIN, HOT, RARE, DRY, SPARSE",net.minecraft.world.biome.BiomeMesa
minecraft:mutated_mesa_rock,166,Mesa Plateau F M,2.0,0.0,0.1,0.45,0.3,"HOT, RARE, HILLS, DRY, SPARSE",net.minecraft.world.biome.BiomeMesa
minecraft:mutated_mesa_clear_rock,167,Mesa Plateau M,2.0,0.0,0.1,0.45,0.3,"MOUNTAIN, HOT, RARE, DRY, SPARSE",net.minecraft.world.biome.BiomeMesa
