Registry Name,ID,Is bad Effect,Is beneficial,Class
minecraft:speed,1,false,true,net.minecraft.potion.Potion
minecraft:slowness,2,true,false,net.minecraft.potion.Potion
minecraft:haste,3,false,true,net.minecraft.potion.Potion
minecraft:mining_fatigue,4,true,false,net.minecraft.potion.Potion
minecraft:strength,5,false,true,net.minecraft.potion.PotionAttackDamage
minecraft:instant_health,6,false,true,net.minecraft.potion.PotionHealth
minecraft:instant_damage,7,true,true,net.minecraft.potion.PotionHealth
minecraft:jump_boost,8,false,true,net.minecraft.potion.Potion
minecraft:nausea,9,true,false,net.minecraft.potion.Potion
minecraft:regeneration,10,false,true,net.minecraft.potion.Potion
minecraft:resistance,11,false,true,net.minecraft.potion.Potion
minecraft:fire_resistance,12,false,true,net.minecraft.potion.Potion
minecraft:water_breathing,13,false,true,net.minecraft.potion.Potion
minecraft:invisibility,14,false,true,net.minecraft.potion.Potion
minecraft:blindness,15,true,false,net.minecraft.potion.Potion
minecraft:night_vision,16,false,true,net.minecraft.potion.Potion
minecraft:hunger,17,true,false,net.minecraft.potion.Potion
minecraft:weakness,18,true,false,net.minecraft.potion.PotionAttackDamage
minecraft:poison,19,true,false,net.minecraft.potion.Potion
minecraft:wither,20,true,false,net.minecraft.potion.Potion
minecraft:health_boost,21,false,true,net.minecraft.potion.PotionHealthBoost
minecraft:absorption,22,false,true,net.minecraft.potion.PotionAbsorption
minecraft:saturation,23,false,true,net.minecraft.potion.PotionHealth
minecraft:glowing,24,false,false,net.minecraft.potion.Potion
minecraft:levitation,25,true,false,net.minecraft.potion.Potion
minecraft:luck,26,false,true,net.minecraft.potion.Potion
minecraft:unluck,27,true,false,net.minecraft.potion.Potion
