Registry Name,ID,Class
minecraft:ambient.cave,0,net.minecraft.util.SoundEvent
minecraft:block.anvil.break,1,net.minecraft.util.SoundEvent
minecraft:block.anvil.destroy,2,net.minecraft.util.SoundEvent
minecraft:block.anvil.fall,3,net.minecraft.util.SoundEvent
minecraft:block.anvil.hit,4,net.minecraft.util.SoundEvent
minecraft:block.anvil.land,5,net.minecraft.util.SoundEvent
minecraft:block.anvil.place,6,net.minecraft.util.SoundEvent
minecraft:block.anvil.step,7,net.minecraft.util.SoundEvent
minecraft:block.anvil.use,8,net.minecraft.util.SoundEvent
minecraft:block.brewing_stand.brew,9,net.minecraft.util.SoundEvent
minecraft:block.chest.close,10,net.minecraft.util.SoundEvent
minecraft:block.chest.locked,11,net.minecraft.util.SoundEvent
minecraft:block.chest.open,12,net.minecraft.util.SoundEvent
minecraft:block.chorus_flower.death,13,net.minecraft.util.SoundEvent
minecraft:block.chorus_flower.grow,14,net.minecraft.util.SoundEvent
minecraft:block.cloth.break,15,net.minecraft.util.SoundEvent
minecraft:block.cloth.fall,16,net.minecraft.util.SoundEvent
minecraft:block.cloth.hit,17,net.minecraft.util.SoundEvent
minecraft:block.cloth.place,18,net.minecraft.util.SoundEvent
minecraft:block.cloth.step,19,net.minecraft.util.SoundEvent
minecraft:block.comparator.click,20,net.minecraft.util.SoundEvent
minecraft:block.dispenser.dispense,21,net.minecraft.util.SoundEvent
minecraft:block.dispenser.fail,22,net.minecraft.util.SoundEvent
minecraft:block.dispenser.launch,23,net.minecraft.util.SoundEvent
minecraft:block.enchantment_table.use,24,net.minecraft.util.SoundEvent
minecraft:block.end_gateway.spawn,25,net.minecraft.util.SoundEvent
minecraft:block.end_portal.spawn,26,net.minecraft.util.SoundEvent
minecraft:block.end_portal_frame.fill,27,net.minecraft.util.SoundEvent
minecraft:block.enderchest.close,28,net.minecraft.util.SoundEvent
minecraft:block.enderchest.open,29,net.minecraft.util.SoundEvent
minecraft:block.fence_gate.close,30,net.minecraft.util.SoundEvent
minecraft:block.fence_gate.open,31,net.minecraft.util.SoundEvent
minecraft:block.fire.ambient,32,net.minecraft.util.SoundEvent
minecraft:block.fire.extinguish,33,net.minecraft.util.SoundEvent
minecraft:block.furnace.fire_crackle,34,net.minecraft.util.SoundEvent
minecraft:block.glass.break,35,net.minecraft.util.SoundEvent
minecraft:block.glass.fall,36,net.minecraft.util.SoundEvent
minecraft:block.glass.hit,37,net.minecraft.util.SoundEvent
minecraft:block.glass.place,38,net.minecraft.util.SoundEvent
minecraft:block.glass.step,39,net.minecraft.util.SoundEvent
minecraft:block.grass.break,40,net.minecraft.util.SoundEvent
minecraft:block.grass.fall,41,net.minecraft.util.SoundEvent
minecraft:block.grass.hit,42,net.minecraft.util.SoundEvent
minecraft:block.grass.place,43,net.minecraft.util.SoundEvent
minecraft:block.grass.step,44,net.minecraft.util.SoundEvent
minecraft:block.gravel.break,45,net.minecraft.util.SoundEvent
minecraft:block.gravel.fall,46,net.minecraft.util.SoundEvent
minecraft:block.gravel.hit,47,net.minecraft.util.SoundEvent
minecraft:block.gravel.place,48,net.minecraft.util.SoundEvent
minecraft:block.gravel.step,49,net.minecraft.util.SoundEvent
minecraft:block.iron_door.close,50,net.minecraft.util.SoundEvent
minecraft:block.iron_door.open,51,net.minecraft.util.SoundEvent
minecraft:block.iron_trapdoor.close,52,net.minecraft.util.SoundEvent
minecraft:block.iron_trapdoor.open,53,net.minecraft.util.SoundEvent
minecraft:block.ladder.break,54,net.minecraft.util.SoundEvent
minecraft:block.ladder.fall,55,net.minecraft.util.SoundEvent
minecraft:block.ladder.hit,56,net.minecraft.util.SoundEvent
minecraft:block.ladder.place,57,net.minecraft.util.SoundEvent
minecraft:block.ladder.step,58,net.minecraft.util.SoundEvent
minecraft:block.lava.ambient,59,net.minecraft.util.SoundEvent
minecraft:block.lava.extinguish,60,net.minecraft.util.SoundEvent
minecraft:block.lava.pop,61,net.minecraft.util.SoundEvent
minecraft:block.lever.click,62,net.minecraft.util.SoundEvent
minecraft:block.metal.break,63,net.minecraft.util.SoundEvent
minecraft:block.metal.fall,64,net.minecraft.util.SoundEvent
minecraft:block.metal.hit,65,net.minecraft.util.SoundEvent
minecraft:block.metal.place,66,net.minecraft.util.SoundEvent
minecraft:block.metal.step,67,net.minecraft.util.SoundEvent
minecraft:block.metal_pressureplate.click_off,68,net.minecraft.util.SoundEvent
minecraft:block.metal_pressureplate.click_on,69,net.minecraft.util.SoundEvent
minecraft:block.note.basedrum,70,net.minecraft.util.SoundEvent
minecraft:block.note.bass,71,net.minecraft.util.SoundEvent
minecraft:block.note.bell,72,net.minecraft.util.SoundEvent
minecraft:block.note.chime,73,net.minecraft.util.SoundEvent
minecraft:block.note.flute,74,net.minecraft.util.SoundEvent
minecraft:block.note.guitar,75,net.minecraft.util.SoundEvent
minecraft:block.note.harp,76,net.minecraft.util.SoundEvent
minecraft:block.note.hat,77,net.minecraft.util.SoundEvent
minecraft:block.note.pling,78,net.minecraft.util.SoundEvent
minecraft:block.note.snare,79,net.minecraft.util.SoundEvent
minecraft:block.note.xylophone,80,net.minecraft.util.SoundEvent
minecraft:block.piston.contract,81,net.minecraft.util.SoundEvent
minecraft:block.piston.extend,82,net.minecraft.util.SoundEvent
minecraft:block.portal.ambient,83,net.minecraft.util.SoundEvent
minecraft:block.portal.travel,84,net.minecraft.util.SoundEvent
minecraft:block.portal.trigger,85,net.minecraft.util.SoundEvent
minecraft:block.redstone_torch.burnout,86,net.minecraft.util.SoundEvent
minecraft:block.sand.break,87,net.minecraft.util.SoundEvent
minecraft:block.sand.fall,88,net.minecraft.util.SoundEvent
minecraft:block.sand.hit,89,net.minecraft.util.SoundEvent
minecraft:block.sand.place,90,net.minecraft.util.SoundEvent
minecraft:block.sand.step,91,net.minecraft.util.SoundEvent
minecraft:block.shulker_box.close,92,net.minecraft.util.SoundEvent
minecraft:block.shulker_box.open,93,net.minecraft.util.SoundEvent
minecraft:block.slime.break,94,net.minecraft.util.SoundEvent
minecraft:block.slime.fall,95,net.minecraft.util.SoundEvent
minecraft:block.slime.hit,96,net.minecraft.util.SoundEvent
minecraft:block.slime.place,97,net.minecraft.util.SoundEvent
minecraft:block.slime.step,98,net.minecraft.util.SoundEvent
minecraft:block.snow.break,99,net.minecraft.util.SoundEvent
minecraft:block.snow.fall,100,net.minecraft.util.SoundEvent
minecraft:block.snow.hit,101,net.minecraft.util.SoundEvent
minecraft:block.snow.place,102,net.minecraft.util.SoundEvent
minecraft:block.snow.step,103,net.minecraft.util.SoundEvent
minecraft:block.stone.break,104,net.minecraft.util.SoundEvent
minecraft:block.stone.fall,105,net.minecraft.util.SoundEvent
minecraft:block.stone.hit,106,net.minecraft.util.SoundEvent
minecraft:block.stone.place,107,net.minecraft.util.SoundEvent
minecraft:block.stone.step,108,net.minecraft.util.SoundEvent
minecraft:block.stone_button.click_off,109,net.minecraft.util.SoundEvent
minecraft:block.stone_button.click_on,110,net.minecraft.util.SoundEvent
minecraft:block.stone_pressureplate.click_off,111,net.minecraft.util.SoundEvent
minecraft:block.stone_pressureplate.click_on,112,net.minecraft.util.SoundEvent
minecraft:block.tripwire.attach,113,net.minecraft.util.SoundEvent
minecraft:block.tripwire.click_off,114,net.minecraft.util.SoundEvent
minecraft:block.tripwire.click_on,115,net.minecraft.util.SoundEvent
minecraft:block.tripwire.detach,116,net.minecraft.util.SoundEvent
minecraft:block.water.ambient,117,net.minecraft.util.SoundEvent
minecraft:block.waterlily.place,118,net.minecraft.util.SoundEvent
minecraft:block.wood.break,119,net.minecraft.util.SoundEvent
minecraft:block.wood.fall,120,net.minecraft.util.SoundEvent
minecraft:block.wood.hit,121,net.minecraft.util.SoundEvent
minecraft:block.wood.place,122,net.minecraft.util.SoundEvent
minecraft:block.wood.step,123,net.minecraft.util.SoundEvent
minecraft:block.wood_button.click_off,124,net.minecraft.util.SoundEvent
minecraft:block.wood_button.click_on,125,net.minecraft.util.SoundEvent
minecraft:block.wood_pressureplate.click_off,126,net.minecraft.util.SoundEvent
minecraft:block.wood_pressureplate.click_on,127,net.minecraft.util.SoundEvent
minecraft:block.wooden_door.close,128,net.minecraft.util.SoundEvent
minecraft:block.wooden_door.open,129,net.minecraft.util.SoundEvent
minecraft:block.wooden_trapdoor.close,130,net.minecraft.util.SoundEvent
minecraft:block.wooden_trapdoor.open,131,net.minecraft.util.SoundEvent
minecraft:enchant.thorns.hit,132,net.minecraft.util.SoundEvent
minecraft:entity.armorstand.break,133,net.minecraft.util.SoundEvent
minecraft:entity.armorstand.fall,134,net.minecraft.util.SoundEvent
minecraft:entity.armorstand.hit,135,net.minecraft.util.SoundEvent
minecraft:entity.armorstand.place,136,net.minecraft.util.SoundEvent
minecraft:entity.arrow.hit,137,net.minecraft.util.SoundEvent
minecraft:entity.arrow.hit_player,138,net.minecraft.util.SoundEvent
minecraft:entity.arrow.shoot,139,net.minecraft.util.SoundEvent
minecraft:entity.bat.ambient,140,net.minecraft.util.SoundEvent
minecraft:entity.bat.death,141,net.minecraft.util.SoundEvent
minecraft:entity.bat.hurt,142,net.minecraft.util.SoundEvent
minecraft:entity.bat.loop,143,net.minecraft.util.SoundEvent
minecraft:entity.bat.takeoff,144,net.minecraft.util.SoundEvent
minecraft:entity.blaze.ambient,145,net.minecraft.util.SoundEvent
minecraft:entity.blaze.burn,146,net.minecraft.util.SoundEvent
minecraft:entity.blaze.death,147,net.minecraft.util.SoundEvent
minecraft:entity.blaze.hurt,148,net.minecraft.util.SoundEvent
minecraft:entity.blaze.shoot,149,net.minecraft.util.SoundEvent
minecraft:entity.boat.paddle_land,150,net.minecraft.util.SoundEvent
minecraft:entity.boat.paddle_water,151,net.minecraft.util.SoundEvent
minecraft:entity.bobber.retrieve,152,net.minecraft.util.SoundEvent
minecraft:entity.bobber.splash,153,net.minecraft.util.SoundEvent
minecraft:entity.bobber.throw,154,net.minecraft.util.SoundEvent
minecraft:entity.cat.ambient,155,net.minecraft.util.SoundEvent
minecraft:entity.cat.death,156,net.minecraft.util.SoundEvent
minecraft:entity.cat.hiss,157,net.minecraft.util.SoundEvent
minecraft:entity.cat.hurt,158,net.minecraft.util.SoundEvent
minecraft:entity.cat.purr,159,net.minecraft.util.SoundEvent
minecraft:entity.cat.purreow,160,net.minecraft.util.SoundEvent
minecraft:entity.chicken.ambient,161,net.minecraft.util.SoundEvent
minecraft:entity.chicken.death,162,net.minecraft.util.SoundEvent
minecraft:entity.chicken.egg,163,net.minecraft.util.SoundEvent
minecraft:entity.chicken.hurt,164,net.minecraft.util.SoundEvent
minecraft:entity.chicken.step,165,net.minecraft.util.SoundEvent
minecraft:entity.cow.ambient,166,net.minecraft.util.SoundEvent
minecraft:entity.cow.death,167,net.minecraft.util.SoundEvent
minecraft:entity.cow.hurt,168,net.minecraft.util.SoundEvent
minecraft:entity.cow.milk,169,net.minecraft.util.SoundEvent
minecraft:entity.cow.step,170,net.minecraft.util.SoundEvent
minecraft:entity.creeper.death,171,net.minecraft.util.SoundEvent
minecraft:entity.creeper.hurt,172,net.minecraft.util.SoundEvent
minecraft:entity.creeper.primed,173,net.minecraft.util.SoundEvent
minecraft:entity.donkey.ambient,174,net.minecraft.util.SoundEvent
minecraft:entity.donkey.angry,175,net.minecraft.util.SoundEvent
minecraft:entity.donkey.chest,176,net.minecraft.util.SoundEvent
minecraft:entity.donkey.death,177,net.minecraft.util.SoundEvent
minecraft:entity.donkey.hurt,178,net.minecraft.util.SoundEvent
minecraft:entity.egg.throw,179,net.minecraft.util.SoundEvent
minecraft:entity.elder_guardian.ambient,180,net.minecraft.util.SoundEvent
minecraft:entity.elder_guardian.ambient_land,181,net.minecraft.util.SoundEvent
minecraft:entity.elder_guardian.curse,182,net.minecraft.util.SoundEvent
minecraft:entity.elder_guardian.death,183,net.minecraft.util.SoundEvent
minecraft:entity.elder_guardian.death_land,184,net.minecraft.util.SoundEvent
minecraft:entity.elder_guardian.flop,185,net.minecraft.util.SoundEvent
minecraft:entity.elder_guardian.hurt,186,net.minecraft.util.SoundEvent
minecraft:entity.elder_guardian.hurt_land,187,net.minecraft.util.SoundEvent
minecraft:entity.enderdragon.ambient,188,net.minecraft.util.SoundEvent
minecraft:entity.enderdragon.death,189,net.minecraft.util.SoundEvent
minecraft:entity.enderdragon.flap,190,net.minecraft.util.SoundEvent
minecraft:entity.enderdragon.growl,191,net.minecraft.util.SoundEvent
minecraft:entity.enderdragon.hurt,192,net.minecraft.util.SoundEvent
minecraft:entity.enderdragon.shoot,193,net.minecraft.util.SoundEvent
minecraft:entity.enderdragon_fireball.explode,194,net.minecraft.util.SoundEvent
minecraft:entity.endereye.death,195,net.minecraft.util.SoundEvent
minecraft:entity.endereye.launch,196,net.minecraft.util.SoundEvent
minecraft:entity.endermen.ambient,197,net.minecraft.util.SoundEvent
minecraft:entity.endermen.death,198,net.minecraft.util.SoundEvent
minecraft:entity.endermen.hurt,199,net.minecraft.util.SoundEvent
minecraft:entity.endermen.scream,200,net.minecraft.util.SoundEvent
minecraft:entity.endermen.stare,201,net.minecraft.util.SoundEvent
minecraft:entity.endermen.teleport,202,net.minecraft.util.SoundEvent
minecraft:entity.endermite.ambient,203,net.minecraft.util.SoundEvent
minecraft:entity.endermite.death,204,net.minecraft.util.SoundEvent
minecraft:entity.endermite.hurt,205,net.minecraft.util.SoundEvent
minecraft:entity.endermite.step,206,net.minecraft.util.SoundEvent
minecraft:entity.enderpearl.throw,207,net.minecraft.util.SoundEvent
minecraft:entity.evocation_fangs.attack,208,net.minecraft.util.SoundEvent
minecraft:entity.evocation_illager.ambient,209,net.minecraft.util.SoundEvent
minecraft:entity.evocation_illager.cast_spell,210,net.minecraft.util.SoundEvent
minecraft:entity.evocation_illager.death,211,net.minecraft.util.SoundEvent
minecraft:entity.evocation_illager.hurt,212,net.minecraft.util.SoundEvent
minecraft:entity.evocation_illager.prepare_attack,213,net.minecraft.util.SoundEvent
minecraft:entity.evocation_illager.prepare_summon,214,net.minecraft.util.SoundEvent
minecraft:entity.evocation_illager.prepare_wololo,215,net.minecraft.util.SoundEvent
minecraft:entity.experience_bottle.throw,216,net.minecraft.util.SoundEvent
minecraft:entity.experience_orb.pickup,217,net.minecraft.util.SoundEvent
minecraft:entity.firework.blast,218,net.minecraft.util.SoundEvent
minecraft:entity.firework.blast_far,219,net.minecraft.util.SoundEvent
minecraft:entity.firework.large_blast,220,net.minecraft.util.SoundEvent
minecraft:entity.firework.large_blast_far,221,net.minecraft.util.SoundEvent
minecraft:entity.firework.launch,222,net.minecraft.util.SoundEvent
minecraft:entity.firework.shoot,223,net.minecraft.util.SoundEvent
minecraft:entity.firework.twinkle,224,net.minecraft.util.SoundEvent
minecraft:entity.firework.twinkle_far,225,net.minecraft.util.SoundEvent
minecraft:entity.generic.big_fall,226,net.minecraft.util.SoundEvent
minecraft:entity.generic.burn,227,net.minecraft.util.SoundEvent
minecraft:entity.generic.death,228,net.minecraft.util.SoundEvent
minecraft:entity.generic.drink,229,net.minecraft.util.SoundEvent
minecraft:entity.generic.eat,230,net.minecraft.util.SoundEvent
minecraft:entity.generic.explode,231,net.minecraft.util.SoundEvent
minecraft:entity.generic.extinguish_fire,232,net.minecraft.util.SoundEvent
minecraft:entity.generic.hurt,233,net.minecraft.util.SoundEvent
minecraft:entity.generic.small_fall,234,net.minecraft.util.SoundEvent
minecraft:entity.generic.splash,235,net.minecraft.util.SoundEvent
minecraft:entity.generic.swim,236,net.minecraft.util.SoundEvent
minecraft:entity.ghast.ambient,237,net.minecraft.util.SoundEvent
minecraft:entity.ghast.death,238,net.minecraft.util.SoundEvent
minecraft:entity.ghast.hurt,239,net.minecraft.util.SoundEvent
minecraft:entity.ghast.scream,240,net.minecraft.util.SoundEvent
minecraft:entity.ghast.shoot,241,net.minecraft.util.SoundEvent
minecraft:entity.ghast.warn,242,net.minecraft.util.SoundEvent
minecraft:entity.guardian.ambient,243,net.minecraft.util.SoundEvent
minecraft:entity.guardian.ambient_land,244,net.minecraft.util.SoundEvent
minecraft:entity.guardian.attack,245,net.minecraft.util.SoundEvent
minecraft:entity.guardian.death,246,net.minecraft.util.SoundEvent
minecraft:entity.guardian.death_land,247,net.minecraft.util.SoundEvent
minecraft:entity.guardian.flop,248,net.minecraft.util.SoundEvent
minecraft:entity.guardian.hurt,249,net.minecraft.util.SoundEvent
minecraft:entity.guardian.hurt_land,250,net.minecraft.util.SoundEvent
minecraft:entity.horse.ambient,251,net.minecraft.util.SoundEvent
minecraft:entity.horse.angry,252,net.minecraft.util.SoundEvent
minecraft:entity.horse.armor,253,net.minecraft.util.SoundEvent
minecraft:entity.horse.breathe,254,net.minecraft.util.SoundEvent
minecraft:entity.horse.death,255,net.minecraft.util.SoundEvent
minecraft:entity.horse.eat,256,net.minecraft.util.SoundEvent
minecraft:entity.horse.gallop,257,net.minecraft.util.SoundEvent
minecraft:entity.horse.hurt,258,net.minecraft.util.SoundEvent
minecraft:entity.horse.jump,259,net.minecraft.util.SoundEvent
minecraft:entity.horse.land,260,net.minecraft.util.SoundEvent
minecraft:entity.horse.saddle,261,net.minecraft.util.SoundEvent
minecraft:entity.horse.step,262,net.minecraft.util.SoundEvent
minecraft:entity.horse.step_wood,263,net.minecraft.util.SoundEvent
minecraft:entity.hostile.big_fall,264,net.minecraft.util.SoundEvent
minecraft:entity.hostile.death,265,net.minecraft.util.SoundEvent
minecraft:entity.hostile.hurt,266,net.minecraft.util.SoundEvent
minecraft:entity.hostile.small_fall,267,net.minecraft.util.SoundEvent
minecraft:entity.hostile.splash,268,net.minecraft.util.SoundEvent
minecraft:entity.hostile.swim,269,net.minecraft.util.SoundEvent
minecraft:entity.husk.ambient,270,net.minecraft.util.SoundEvent
minecraft:entity.husk.death,271,net.minecraft.util.SoundEvent
minecraft:entity.husk.hurt,272,net.minecraft.util.SoundEvent
minecraft:entity.husk.step,273,net.minecraft.util.SoundEvent
minecraft:entity.illusion_illager.ambient,274,net.minecraft.util.SoundEvent
minecraft:entity.illusion_illager.cast_spell,275,net.minecraft.util.SoundEvent
minecraft:entity.illusion_illager.death,276,net.minecraft.util.SoundEvent
minecraft:entity.illusion_illager.hurt,277,net.minecraft.util.SoundEvent
minecraft:entity.illusion_illager.mirror_move,278,net.minecraft.util.SoundEvent
minecraft:entity.illusion_illager.prepare_blindness,279,net.minecraft.util.SoundEvent
minecraft:entity.illusion_illager.prepare_mirror,280,net.minecraft.util.SoundEvent
minecraft:entity.irongolem.attack,281,net.minecraft.util.SoundEvent
minecraft:entity.irongolem.death,282,net.minecraft.util.SoundEvent
minecraft:entity.irongolem.hurt,283,net.minecraft.util.SoundEvent
minecraft:entity.irongolem.step,284,net.minecraft.util.SoundEvent
minecraft:entity.item.break,285,net.minecraft.util.SoundEvent
minecraft:entity.item.pickup,286,net.minecraft.util.SoundEvent
minecraft:entity.itemframe.add_item,287,net.minecraft.util.SoundEvent
minecraft:entity.itemframe.break,288,net.minecraft.util.SoundEvent
minecraft:entity.itemframe.place,289,net.minecraft.util.SoundEvent
minecraft:entity.itemframe.remove_item,290,net.minecraft.util.SoundEvent
minecraft:entity.itemframe.rotate_item,291,net.minecraft.util.SoundEvent
minecraft:entity.leashknot.break,292,net.minecraft.util.SoundEvent
minecraft:entity.leashknot.place,293,net.minecraft.util.SoundEvent
minecraft:entity.lightning.impact,294,net.minecraft.util.SoundEvent
minecraft:entity.lightning.thunder,295,net.minecraft.util.SoundEvent
minecraft:entity.lingeringpotion.throw,296,net.minecraft.util.SoundEvent
minecraft:entity.llama.ambient,297,net.minecraft.util.SoundEvent
minecraft:entity.llama.angry,298,net.minecraft.util.SoundEvent
minecraft:entity.llama.chest,299,net.minecraft.util.SoundEvent
minecraft:entity.llama.death,300,net.minecraft.util.SoundEvent
minecraft:entity.llama.eat,301,net.minecraft.util.SoundEvent
minecraft:entity.llama.hurt,302,net.minecraft.util.SoundEvent
minecraft:entity.llama.spit,303,net.minecraft.util.SoundEvent
minecraft:entity.llama.step,304,net.minecraft.util.SoundEvent
minecraft:entity.llama.swag,305,net.minecraft.util.SoundEvent
minecraft:entity.magmacube.death,306,net.minecraft.util.SoundEvent
minecraft:entity.magmacube.hurt,307,net.minecraft.util.SoundEvent
minecraft:entity.magmacube.jump,308,net.minecraft.util.SoundEvent
minecraft:entity.magmacube.squish,309,net.minecraft.util.SoundEvent
minecraft:entity.minecart.inside,310,net.minecraft.util.SoundEvent
minecraft:entity.minecart.riding,311,net.minecraft.util.SoundEvent
minecraft:entity.mooshroom.shear,312,net.minecraft.util.SoundEvent
minecraft:entity.mule.ambient,313,net.minecraft.util.SoundEvent
minecraft:entity.mule.chest,314,net.minecraft.util.SoundEvent
minecraft:entity.mule.death,315,net.minecraft.util.SoundEvent
minecraft:entity.mule.hurt,316,net.minecraft.util.SoundEvent
minecraft:entity.painting.break,317,net.minecraft.util.SoundEvent
minecraft:entity.painting.place,318,net.minecraft.util.SoundEvent
minecraft:entity.parrot.ambient,319,net.minecraft.util.SoundEvent
minecraft:entity.parrot.death,320,net.minecraft.util.SoundEvent
minecraft:entity.parrot.eat,321,net.minecraft.util.SoundEvent
minecraft:entity.parrot.fly,322,net.minecraft.util.SoundEvent
minecraft:entity.parrot.hurt,323,net.minecraft.util.SoundEvent
minecraft:entity.parrot.imitate.blaze,324,net.minecraft.util.SoundEvent
minecraft:entity.parrot.imitate.creeper,325,net.minecraft.util.SoundEvent
minecraft:entity.parrot.imitate.elder_guardian,326,net.minecraft.util.SoundEvent
minecraft:entity.parrot.imitate.enderdragon,327,net.minecraft.util.SoundEvent
minecraft:entity.parrot.imitate.enderman,328,net.minecraft.util.SoundEvent
minecraft:entity.parrot.imitate.endermite,329,net.minecraft.util.SoundEvent
minecraft:entity.parrot.imitate.evocation_illager,330,net.minecraft.util.SoundEvent
minecraft:entity.parrot.imitate.ghast,331,net.minecraft.util.SoundEvent
minecraft:entity.parrot.imitate.husk,332,net.minecraft.util.SoundEvent
minecraft:entity.parrot.imitate.illusion_illager,333,net.minecraft.util.SoundEvent
minecraft:entity.parrot.imitate.magmacube,334,net.minecraft.util.SoundEvent
minecraft:entity.parrot.imitate.polar_bear,335,net.minecraft.util.SoundEvent
minecraft:entity.parrot.imitate.shulker,336,net.minecraft.util.SoundEvent
minecraft:entity.parrot.imitate.silverfish,337,net.minecraft.util.SoundEvent
minecraft:entity.parrot.imitate.skeleton,338,net.minecraft.util.SoundEvent
minecraft:entity.parrot.imitate.slime,339,net.minecraft.util.SoundEvent
minecraft:entity.parrot.imitate.spider,340,net.minecraft.util.SoundEvent
minecraft:entity.parrot.imitate.stray,341,net.minecraft.util.SoundEvent
minecraft:entity.parrot.imitate.vex,342,net.minecraft.util.SoundEvent
minecraft:entity.parrot.imitate.vindication_illager,343,net.minecraft.util.SoundEvent
minecraft:entity.parrot.imitate.witch,344,net.minecraft.util.SoundEvent
minecraft:entity.parrot.imitate.wither,345,net.minecraft.util.SoundEvent
minecraft:entity.parrot.imitate.wither_skeleton,346,net.minecraft.util.SoundEvent
minecraft:entity.parrot.imitate.wolf,347,net.minecraft.util.SoundEvent
minecraft:entity.parrot.imitate.zombie,348,net.minecraft.util.SoundEvent
minecraft:entity.parrot.imitate.zombie_pigman,349,net.minecraft.util.SoundEvent
minecraft:entity.parrot.imitate.zombie_villager,350,net.minecraft.util.SoundEvent
minecraft:entity.parrot.step,351,net.minecraft.util.SoundEvent
minecraft:entity.pig.ambient,352,net.minecraft.util.SoundEvent
minecraft:entity.pig.death,353,net.minecraft.util.SoundEvent
minecraft:entity.pig.hurt,354,net.minecraft.util.SoundEvent
minecraft:entity.pig.saddle,355,net.minecraft.util.SoundEvent
minecraft:entity.pig.step,356,net.minecraft.util.SoundEvent
minecraft:entity.player.attack.crit,357,net.minecraft.util.SoundEvent
minecraft:entity.player.attack.knockback,358,net.minecraft.util.SoundEvent
minecraft:entity.player.attack.nodamage,359,net.minecraft.util.SoundEvent
minecraft:entity.player.attack.strong,360,net.minecraft.util.SoundEvent
minecraft:entity.player.attack.sweep,361,net.minecraft.util.SoundEvent
minecraft:entity.player.attack.weak,362,net.minecraft.util.SoundEvent
minecraft:entity.player.big_fall,363,net.minecraft.util.SoundEvent
minecraft:entity.player.breath,364,net.minecraft.util.SoundEvent
minecraft:entity.player.burp,365,net.minecraft.util.SoundEvent
minecraft:entity.player.death,366,net.minecraft.util.SoundEvent
minecraft:entity.player.hurt,367,net.minecraft.util.SoundEvent
minecraft:entity.player.hurt_drown,368,net.minecraft.util.SoundEvent
minecraft:entity.player.hurt_on_fire,369,net.minecraft.util.SoundEvent
minecraft:entity.player.levelup,370,net.minecraft.util.SoundEvent
minecraft:entity.player.small_fall,371,net.minecraft.util.SoundEvent
minecraft:entity.player.splash,372,net.minecraft.util.SoundEvent
minecraft:entity.player.swim,373,net.minecraft.util.SoundEvent
minecraft:entity.polar_bear.ambient,374,net.minecraft.util.SoundEvent
minecraft:entity.polar_bear.baby_ambient,375,net.minecraft.util.SoundEvent
minecraft:entity.polar_bear.death,376,net.minecraft.util.SoundEvent
minecraft:entity.polar_bear.hurt,377,net.minecraft.util.SoundEvent
minecraft:entity.polar_bear.step,378,net.minecraft.util.SoundEvent
minecraft:entity.polar_bear.warning,379,net.minecraft.util.SoundEvent
minecraft:entity.rabbit.ambient,380,net.minecraft.util.SoundEvent
minecraft:entity.rabbit.attack,381,net.minecraft.util.SoundEvent
minecraft:entity.rabbit.death,382,net.minecraft.util.SoundEvent
minecraft:entity.rabbit.hurt,383,net.minecraft.util.SoundEvent
minecraft:entity.rabbit.jump,384,net.minecraft.util.SoundEvent
minecraft:entity.sheep.ambient,385,net.minecraft.util.SoundEvent
minecraft:entity.sheep.death,386,net.minecraft.util.SoundEvent
minecraft:entity.sheep.hurt,387,net.minecraft.util.SoundEvent
minecraft:entity.sheep.shear,388,net.minecraft.util.SoundEvent
minecraft:entity.sheep.step,389,net.minecraft.util.SoundEvent
minecraft:entity.shulker.ambient,390,net.minecraft.util.SoundEvent
minecraft:entity.shulker.close,391,net.minecraft.util.SoundEvent
minecraft:entity.shulker.death,392,net.minecraft.util.SoundEvent
minecraft:entity.shulker.hurt,393,net.minecraft.util.SoundEvent
minecraft:entity.shulker.hurt_closed,394,net.minecraft.util.SoundEvent
minecraft:entity.shulker.open,395,net.minecraft.util.SoundEvent
minecraft:entity.shulker.shoot,396,net.minecraft.util.SoundEvent
minecraft:entity.shulker.teleport,397,net.minecraft.util.SoundEvent
minecraft:entity.shulker_bullet.hit,398,net.minecraft.util.SoundEvent
minecraft:entity.shulker_bullet.hurt,399,net.minecraft.util.SoundEvent
minecraft:entity.silverfish.ambient,400,net.minecraft.util.SoundEvent
minecraft:entity.silverfish.death,401,net.minecraft.util.SoundEvent
minecraft:entity.silverfish.hurt,402,net.minecraft.util.SoundEvent
minecraft:entity.silverfish.step,403,net.minecraft.util.SoundEvent
minecraft:entity.skeleton.ambient,404,net.minecraft.util.SoundEvent
minecraft:entity.skeleton.death,405,net.minecraft.util.SoundEvent
minecraft:entity.skeleton.hurt,406,net.minecraft.util.SoundEvent
minecraft:entity.skeleton.shoot,407,net.minecraft.util.SoundEvent
minecraft:entity.skeleton.step,408,net.minecraft.util.SoundEvent
minecraft:entity.skeleton_horse.ambient,409,net.minecraft.util.SoundEvent
minecraft:entity.skeleton_horse.death,410,net.minecraft.util.SoundEvent
minecraft:entity.skeleton_horse.hurt,411,net.minecraft.util.SoundEvent
minecraft:entity.slime.attack,412,net.minecraft.util.SoundEvent
minecraft:entity.slime.death,413,net.minecraft.util.SoundEvent
minecraft:entity.slime.hurt,414,net.minecraft.util.SoundEvent
minecraft:entity.slime.jump,415,net.minecraft.util.SoundEvent
minecraft:entity.slime.squish,416,net.minecraft.util.SoundEvent
minecraft:entity.small_magmacube.death,417,net.minecraft.util.SoundEvent
minecraft:entity.small_magmacube.hurt,418,net.minecraft.util.SoundEvent
minecraft:entity.small_magmacube.squish,419,net.minecraft.util.SoundEvent
minecraft:entity.small_slime.death,420,net.minecraft.util.SoundEvent
minecraft:entity.small_slime.hurt,421,net.minecraft.util.SoundEvent
minecraft:entity.small_slime.jump,422,net.minecraft.util.SoundEvent
minecraft:entity.small_slime.squish,423,net.minecraft.util.SoundEvent
minecraft:entity.snowball.throw,424,net.minecraft.util.SoundEvent
minecraft:entity.snowman.ambient,425,net.minecraft.util.SoundEvent
minecraft:entity.snowman.death,426,net.minecraft.util.SoundEvent
minecraft:entity.snowman.hurt,427,net.minecraft.util.SoundEvent
minecraft:entity.snowman.shoot,428,net.minecraft.util.SoundEvent
minecraft:entity.spider.ambient,429,net.minecraft.util.SoundEvent
minecraft:entity.spider.death,430,net.minecraft.util.SoundEvent
minecraft:entity.spider.hurt,431,net.minecraft.util.SoundEvent
minecraft:entity.spider.step,432,net.minecraft.util.SoundEvent
minecraft:entity.splash_potion.break,433,net.minecraft.util.SoundEvent
minecraft:entity.splash_potion.throw,434,net.minecraft.util.SoundEvent
minecraft:entity.squid.ambient,435,net.minecraft.util.SoundEvent
minecraft:entity.squid.death,436,net.minecraft.util.SoundEvent
minecraft:entity.squid.hurt,437,net.minecraft.util.SoundEvent
minecraft:entity.stray.ambient,438,net.minecraft.util.SoundEvent
minecraft:entity.stray.death,439,net.minecraft.util.SoundEvent
minecraft:entity.stray.hurt,440,net.minecraft.util.SoundEvent
minecraft:entity.stray.step,441,net.minecraft.util.SoundEvent
minecraft:entity.tnt.primed,442,net.minecraft.util.SoundEvent
minecraft:entity.vex.ambient,443,net.minecraft.util.SoundEvent
minecraft:entity.vex.charge,444,net.minecraft.util.SoundEvent
minecraft:entity.vex.death,445,net.minecraft.util.SoundEvent
minecraft:entity.vex.hurt,446,net.minecraft.util.SoundEvent
minecraft:entity.villager.ambient,447,net.minecraft.util.SoundEvent
minecraft:entity.villager.death,448,net.minecraft.util.SoundEvent
minecraft:entity.villager.hurt,449,net.minecraft.util.SoundEvent
minecraft:entity.villager.no,450,net.minecraft.util.SoundEvent
minecraft:entity.villager.trading,451,net.minecraft.util.SoundEvent
minecraft:entity.villager.yes,452,net.minecraft.util.SoundEvent
minecraft:entity.vindication_illager.ambient,453,net.minecraft.util.SoundEvent
minecraft:entity.vindication_illager.death,454,net.minecraft.util.SoundEvent
minecraft:entity.vindication_illager.hurt,455,net.minecraft.util.SoundEvent
minecraft:entity.witch.ambient,456,net.minecraft.util.SoundEvent
minecraft:entity.witch.death,457,net.minecraft.util.SoundEvent
minecraft:entity.witch.drink,458,net.minecraft.util.SoundEvent
minecraft:entity.witch.hurt,459,net.minecraft.util.SoundEvent
minecraft:entity.witch.throw,460,net.minecraft.util.SoundEvent
minecraft:entity.wither.ambient,461,net.minecraft.util.SoundEvent
minecraft:entity.wither.break_block,462,net.minecraft.util.SoundEvent
minecraft:entity.wither.death,463,net.minecraft.util.SoundEvent
minecraft:entity.wither.hurt,464,net.minecraft.util.SoundEvent
minecraft:entity.wither.shoot,465,net.minecraft.util.SoundEvent
minecraft:entity.wither.spawn,466,net.minecraft.util.SoundEvent
minecraft:entity.wither_skeleton.ambient,467,net.minecraft.util.SoundEvent
minecraft:entity.wither_skeleton.death,468,net.minecraft.util.SoundEvent
minecraft:entity.wither_skeleton.hurt,469,net.minecraft.util.SoundEvent
minecraft:entity.wither_skeleton.step,470,net.minecraft.util.SoundEvent
minecraft:entity.wolf.ambient,471,net.minecraft.util.SoundEvent
minecraft:entity.wolf.death,472,net.minecraft.util.SoundEvent
minecraft:entity.wolf.growl,473,net.minecraft.util.SoundEvent
minecraft:entity.wolf.howl,474,net.minecraft.util.SoundEvent
minecraft:entity.wolf.hurt,475,net.minecraft.util.SoundEvent
minecraft:entity.wolf.pant,476,net.minecraft.util.SoundEvent
minecraft:entity.wolf.shake,477,net.minecraft.util.SoundEvent
minecraft:entity.wolf.step,478,net.minecraft.util.SoundEvent
minecraft:entity.wolf.whine,479,net.minecraft.util.SoundEvent
minecraft:entity.zombie.ambient,480,net.minecraft.util.SoundEvent
minecraft:entity.zombie.attack_door_wood,481,net.minecraft.util.SoundEvent
minecraft:entity.zombie.attack_iron_door,482,net.minecraft.util.SoundEvent
minecraft:entity.zombie.break_door_wood,483,net.minecraft.util.SoundEvent
minecraft:entity.zombie.death,484,net.minecraft.util.SoundEvent
minecraft:entity.zombie.hurt,485,net.minecraft.util.SoundEvent
minecraft:entity.zombie.infect,486,net.minecraft.util.SoundEvent
minecraft:entity.zombie.step,487,net.minecraft.util.SoundEvent
minecraft:entity.zombie_horse.ambient,488,net.minecraft.util.SoundEvent
minecraft:entity.zombie_horse.death,489,net.minecraft.util.SoundEvent
minecraft:entity.zombie_horse.hurt,490,net.minecraft.util.SoundEvent
minecraft:entity.zombie_pig.ambient,491,net.minecraft.util.SoundEvent
minecraft:entity.zombie_pig.angry,492,net.minecraft.util.SoundEvent
minecraft:entity.zombie_pig.death,493,net.minecraft.util.SoundEvent
minecraft:entity.zombie_pig.hurt,494,net.minecraft.util.SoundEvent
minecraft:entity.zombie_villager.ambient,495,net.minecraft.util.SoundEvent
minecraft:entity.zombie_villager.converted,496,net.minecraft.util.SoundEvent
minecraft:entity.zombie_villager.cure,497,net.minecraft.util.SoundEvent
minecraft:entity.zombie_villager.death,498,net.minecraft.util.SoundEvent
minecraft:entity.zombie_villager.hurt,499,net.minecraft.util.SoundEvent
minecraft:entity.zombie_villager.step,500,net.minecraft.util.SoundEvent
minecraft:item.armor.equip_chain,501,net.minecraft.util.SoundEvent
minecraft:item.armor.equip_diamond,502,net.minecraft.util.SoundEvent
minecraft:item.armor.equip_elytra,503,net.minecraft.util.SoundEvent
minecraft:item.armor.equip_generic,504,net.minecraft.util.SoundEvent
minecraft:item.armor.equip_gold,505,net.minecraft.util.SoundEvent
minecraft:item.armor.equip_iron,506,net.minecraft.util.SoundEvent
minecraft:item.armor.equip_leather,507,net.minecraft.util.SoundEvent
minecraft:item.bottle.empty,508,net.minecraft.util.SoundEvent
minecraft:item.bottle.fill,509,net.minecraft.util.SoundEvent
minecraft:item.bottle.fill_dragonbreath,510,net.minecraft.util.SoundEvent
minecraft:item.bucket.empty,511,net.minecraft.util.SoundEvent
minecraft:item.bucket.empty_lava,512,net.minecraft.util.SoundEvent
minecraft:item.bucket.fill,513,net.minecraft.util.SoundEvent
minecraft:item.bucket.fill_lava,514,net.minecraft.util.SoundEvent
minecraft:item.chorus_fruit.teleport,515,net.minecraft.util.SoundEvent
minecraft:item.elytra.flying,516,net.minecraft.util.SoundEvent
minecraft:item.firecharge.use,517,net.minecraft.util.SoundEvent
minecraft:item.flintandsteel.use,518,net.minecraft.util.SoundEvent
minecraft:item.hoe.till,519,net.minecraft.util.SoundEvent
minecraft:item.shield.block,520,net.minecraft.util.SoundEvent
minecraft:item.shield.break,521,net.minecraft.util.SoundEvent
minecraft:item.shovel.flatten,522,net.minecraft.util.SoundEvent
minecraft:item.totem.use,523,net.minecraft.util.SoundEvent
minecraft:music.creative,524,net.minecraft.util.SoundEvent
minecraft:music.credits,525,net.minecraft.util.SoundEvent
minecraft:music.dragon,526,net.minecraft.util.SoundEvent
minecraft:music.end,527,net.minecraft.util.SoundEvent
minecraft:music.game,528,net.minecraft.util.SoundEvent
minecraft:music.menu,529,net.minecraft.util.SoundEvent
minecraft:music.nether,530,net.minecraft.util.SoundEvent
minecraft:record.11,531,net.minecraft.util.SoundEvent
minecraft:record.13,532,net.minecraft.util.SoundEvent
minecraft:record.blocks,533,net.minecraft.util.SoundEvent
minecraft:record.cat,534,net.minecraft.util.SoundEvent
minecraft:record.chirp,535,net.minecraft.util.SoundEvent
minecraft:record.far,536,net.minecraft.util.SoundEvent
minecraft:record.mall,537,net.minecraft.util.SoundEvent
minecraft:record.mellohi,538,net.minecraft.util.SoundEvent
minecraft:record.stal,539,net.minecraft.util.SoundEvent
minecraft:record.strad,540,net.minecraft.util.SoundEvent
minecraft:record.wait,541,net.minecraft.util.SoundEvent
minecraft:record.ward,542,net.minecraft.util.SoundEvent
minecraft:ui.button.click,543,net.minecraft.util.SoundEvent
minecraft:ui.toast.in,544,net.minecraft.util.SoundEvent
minecraft:ui.toast.out,545,net.minecraft.util.SoundEvent
minecraft:ui.toast.challenge_complete,546,net.minecraft.util.SoundEvent
minecraft:weather.rain,547,net.minecraft.util.SoundEvent
minecraft:weather.rain.above,548,net.minecraft.util.SoundEvent
